timestamp,hour,ambient_temp,solar_irradiance,demand_kw,solar_generation_kw,battery_soc,battery_temp,battery_action,battery_power_kw,grid_import_kw,grid_export_kw,self_consumption_kw,electricity_price,cost_import_brl,revenue_export_brl,net_cost_brl
2024-01-15 00:00:00,0,23.659416088340283,0.0,149.65258874362928,0.0,0.32041689350764485,25.0,discharge,89.79155324617757,59.86103549745171,0,89.79155324617757,0.45,26.93746597385327,0.0,26.93746597385327
2024-01-15 01:00:00,1,25.59603910589018,0.0,152.36892252564084,0.0,0.13757418647687586,25.0,discharge,91.4213535153845,60.947569010256345,0,91.4213535153845,0.45,27.426406054615356,0.0,27.426406054615356
2024-01-15 02:00:00,2,26.3876819954601,0.0,146.70901066409772,0.0,0.13757418647687586,25.0,hold,0.0,146.70901066409772,0,0.0,0.45,66.01905479884398,0.0,66.01905479884398
2024-01-15 03:00:00,3,27.016290611366426,0.0,151.4929170189313,0.0,0.13757418647687586,25.0,hold,0.0,151.4929170189313,0,0.0,0.45,68.17181265851909,0.0,68.17181265851909
2024-01-15 04:00:00,4,25.578854566482352,0.0,152.51704940669825,0.0,0.13757418647687586,25.0,hold,0.0,152.51704940669825,0,0.0,0.45,68.63267223301422,0.0,68.63267223301422
2024-01-15 05:00:00,5,29.8328331672822,0.0,151.49606869899887,0.0,0.13757418647687586,25.0,hold,0.0,151.49606869899887,0,0.0,0.45,68.17323091454949,0.0,68.17323091454949
2024-01-15 06:00:00,6,29.210380331042177,0.0,147.9844151008643,0.0,0.13757418647687586,25.0,hold,0.0,147.9844151008643,0,0.0,0.45,66.59298679538894,0.0,66.59298679538894
2024-01-15 07:00:00,7,29.956011322320368,0.03585661319343806,535.8353033828637,5.974784311827086,0.13757418647687586,25.0,hold,0.0,529.8605190710366,0,5.974784311827086,0.45,238.43723358196647,0.0,238.43723358196647
2024-01-15 08:00:00,8,29.377492737288403,0.06050229516568872,550.7156380067569,10.105293294946668,0.13757418647687586,25.0,hold,0.0,540.6103447118102,0,10.105293294946668,0.45,243.27465512031458,0.0,243.27465512031458
2024-01-15 09:00:00,9,33.807085192549366,0.08333673299268458,513.9342987788383,13.66815608790437,0.13757418647687586,25.0,hold,0.0,500.2661426909339,0,13.66815608790437,0.45,225.11976421092027,0.0,225.11976421092027
2024-01-15 10:00:00,10,32.14244720664033,0.185173346327032,523.3949096710766,30.580107097447364,0.13757418647687586,25.0,hold,0.0,492.8148025736292,0,30.580107097447364,0.45,221.76666115813316,0.0,221.76666115813316
2024-01-15 11:00:00,11,33.65079212591259,0.23744721658289544,495.03264076115715,38.96923439124831,0.13757418647687586,25.0,hold,0.0,456.0634063699089,0,38.96923439124831,0.45,205.228532866459,0.0,205.228532866459
2024-01-15 12:00:00,12,33.2425604382198,0.2205908705378177,541.0656364884945,36.264049155310325,0.13757418647687586,25.0,hold,0.0,504.8015873331842,0,36.264049155310325,0.45,227.1607142999329,0.0,227.1607142999329
2024-01-15 13:00:00,13,34.415271114856054,0.16122043598002087,531.0616036742405,26.375278919078657,0.13757418647687586,25.0,hold,0.0,504.6863247551618,0,26.375278919078657,0.45,227.10884613982282,0.0,227.10884613982282
2024-01-15 14:00:00,14,32.42783743647555,0.13027330783028676,552.2986558647748,21.488461043193542,0.13757418647687586,25.0,hold,0.0,530.8101948215813,0,21.488461043193542,0.45,238.86458766971157,0.0,238.86458766971157
2024-01-15 15:00:00,15,31.484371030276698,0.12275709402090523,489.87833183219226,20.327424253477417,0.13757418647687586,25.0,hold,0.0,469.5509075787148,0,20.327424253477417,0.45,211.29790841042168,0.0,211.29790841042168
2024-01-15 16:00:00,16,31.06817919292576,0.1494879842903146,503.9672203944539,24.796115813766708,0.13757418647687586,25.0,hold,0.0,479.17110458068714,0,24.796115813766708,0.45,215.62699706130923,0.0,215.62699706130923
2024-01-15 17:00:00,17,29.834454192301944,0.0335273715092754,519.7281029148618,5.589434308186899,0.13757418647687586,25.0,hold,0.0,514.1386686066749,0,5.589434308186899,0.65,334.19013459433864,0.0,334.19013459433864
2024-01-15 18:00:00,18,28.791624571518092,0.0,542.9012599217695,0.0,0.13757418647687586,25.0,hold,0.0,542.9012599217695,0,0.0,0.85,461.466070933504,0.0,461.466070933504
2024-01-15 19:00:00,19,28.960645722736928,0.0,162.806340081563,0.0,0.13757418647687586,25.0,hold,0.0,162.806340081563,0,0.0,0.85,138.38538906932854,0.0,138.38538906932854
2024-01-15 20:00:00,20,28.560589642019906,0.0,148.65215986593554,0.0,0.13757418647687586,25.0,hold,0.0,148.65215986593554,0,0.0,0.85,126.3543358860452,0.0,126.3543358860452
2024-01-15 21:00:00,21,27.244015431217417,0.0,149.56934925355606,0.0,0.13757418647687586,25.0,hold,0.0,149.56934925355606,0,0.0,0.65,97.22007701481144,0.0,97.22007701481144
2024-01-15 22:00:00,22,26.079585047692404,0.0,148.5820025346589,0.0,0.13757418647687586,25.0,hold,0.0,148.5820025346589,0,0.0,0.45,66.8619011405965,0.0,66.8619011405965
2024-01-15 23:00:00,23,26.861548173721346,0.0,156.1857547095391,0.0,0.13757418647687586,25.0,hold,0.0,156.1857547095391,0,0.0,0.45,70.2835896192926,0.0,70.2835896192926
2024-01-16 00:00:00,24,24.638278261834284,0.0,161.25778767473227,0.0,0.13757418647687586,25.0,hold,0.0,161.25778767473227,0,0.0,0.45,72.56600445362952,0.0,72.56600445362952
2024-01-16 01:00:00,25,26.03593487499995,0.0,158.56179789742177,0.0,0.13757418647687586,25.0,hold,0.0,158.56179789742177,0,0.0,0.45,71.35280905383979,0.0,71.35280905383979
2024-01-16 02:00:00,26,25.98964481844394,0.0,151.3881732712926,0.0,0.13757418647687586,25.0,hold,0.0,151.3881732712926,0,0.0,0.45,68.12467797208167,0.0,68.12467797208167
2024-01-16 03:00:00,27,26.03444748496922,0.0,156.5853207986429,0.0,0.13757418647687586,25.0,hold,0.0,156.5853207986429,0,0.0,0.45,70.46339435938931,0.0,70.46339435938931
2024-01-16 04:00:00,28,28.427655975910184,0.0,140.16317784835024,0.0,0.13757418647687586,25.0,hold,0.0,140.16317784835024,0,0.0,0.45,63.07343003175761,0.0,63.07343003175761
2024-01-16 05:00:00,29,27.75729752023506,0.0,149.72879848457225,0.0,0.13757418647687586,25.0,hold,0.0,149.72879848457225,0,0.0,0.45,67.37795931805752,0.0,67.37795931805752
2024-01-16 06:00:00,30,29.448372123183145,0.0,148.86994762585613,0.0,0.13757418647687586,25.0,hold,0.0,148.86994762585613,0,0.0,0.45,66.99147643163526,0.0,66.99147643163526
2024-01-16 07:00:00,31,29.051371890720766,0.04717514485553809,556.1687400242082,7.889810267491758,0.13757418647687586,25.0,hold,0.0,548.2789297567165,0,7.889810267491758,0.45,246.7255183905224,0.0,246.7255183905224
2024-01-16 08:00:00,32,30.78619433649519,0.11885284915773602,532.5360044316203,19.737344492597614,0.13757418647687586,25.0,hold,0.0,512.7986599390227,0,19.737344492597614,0.45,230.75939697256024,0.0,230.75939697256024
2024-01-16 09:00:00,33,32.298705516736945,0.043053076212151986,536.0028677135932,7.105345383159588,0.13757418647687586,25.0,hold,0.0,528.8975223304336,0,7.105345383159588,0.45,238.00388504869514,0.0,238.00388504869514
2024-01-16 10:00:00,34,32.55656694858517,0.15532623896011474,499.2331671416428,25.607322099189158,0.13757418647687586,25.0,hold,0.0,473.62584504245365,0,25.607322099189158,0.45,213.13163026910414,0.0,213.13163026910414
2024-01-16 11:00:00,35,33.44600160337975,0.13730513766382227,535.2628560542345,22.553291402104364,0.13757418647687586,25.0,hold,0.0,512.7095646521301,0,22.553291402104364,0.45,230.71930409345856,0.0,230.71930409345856
2024-01-16 12:00:00,36,33.712771476202064,0.107353328672856,502.11454235926095,17.614031260828902,0.13757418647687586,25.0,hold,0.0,484.50051109843207,0,17.614031260828902,0.45,218.02522999429445,0.0,218.02522999429445
2024-01-16 13:00:00,37,32.34125418028899,0.2695265305416993,491.05869355087964,44.47401950914301,0.13757418647687586,25.0,hold,0.0,446.5846740417366,0,44.47401950914301,0.45,200.96310331878146,0.0,200.96310331878146
2024-01-16 14:00:00,38,32.40773094704608,0.08887241269220902,555.9837186667613,14.6606369708252,0.13757418647687586,25.0,hold,0.0,541.3230816959361,0,14.6606369708252,0.45,243.59538676317126,0.0,243.59538676317126
2024-01-16 15:00:00,39,33.35008398329036,0.1610070583604533,508.7182475895561,26.456992649012687,0.13757418647687586,25.0,hold,0.0,482.2612549405434,0,26.456992649012687,0.45,217.01756472324453,0.0,217.01756472324453
2024-01-16 16:00:00,40,30.76330222676212,0.045521395543319576,503.7421060252344,7.560236821360237,0.13757418647687586,25.0,hold,0.0,496.18186920387416,0,7.560236821360237,0.45,223.28184114174337,0.0,223.28184114174337
2024-01-16 17:00:00,41,30.425859678717337,0.05283486175375291,568.8078459991548,8.786987806844195,0.13757418647687586,25.0,hold,0.0,560.0208581923106,0,8.786987806844195,0.65,364.0135578250019,0.0,364.0135578250019
2024-01-16 18:00:00,42,28.91090536316692,0.0,570.4474147531826,0.0,0.13757418647687586,25.0,hold,0.0,570.4474147531826,0,0.0,0.85,484.88030254020515,0.0,484.88030254020515
2024-01-16 19:00:00,43,28.579222855108494,0.0,163.9219404426549,0.0,0.13757418647687586,25.0,hold,0.0,163.9219404426549,0,0.0,0.85,139.33364937625666,0.0,139.33364937625666
2024-01-16 20:00:00,44,30.334232396705737,0.0,157.24776736999294,0.0,0.13757418647687586,25.0,hold,0.0,157.24776736999294,0,0.0,0.85,133.660602264494,0.0,133.660602264494
2024-01-16 21:00:00,45,25.741059875995017,0.0,154.50319337076985,0.0,0.13757418647687586,25.0,hold,0.0,154.50319337076985,0,0.0,0.65,100.42707569100041,0.0,100.42707569100041
2024-01-16 22:00:00,46,27.12282663462085,0.0,149.6537735796648,0.0,0.13757418647687586,25.0,hold,0.0,149.6537735796648,0,0.0,0.45,67.34419811084916,0.0,67.34419811084916
2024-01-16 23:00:00,47,26.213711877124744,0.0,155.59993334700442,0.0,0.13757418647687586,25.0,hold,0.0,155.59993334700442,0,0.0,0.45,70.019970006152,0.0,70.019970006152
2024-01-17 00:00:00,48,24.92124367898508,0.0,150.16225447345295,0.0,0.13757418647687586,25.0,hold,0.0,150.16225447345295,0,0.0,0.45,67.57301451305383,0.0,67.57301451305383
2024-01-17 01:00:00,49,26.517139280493065,0.0,153.47705218800186,0.0,0.13757418647687586,25.0,hold,0.0,153.47705218800186,0,0.0,0.45,69.06467348460085,0.0,69.06467348460085
2024-01-17 02:00:00,50,26.822391790920776,0.0,141.31209927527888,0.0,0.13757418647687586,25.0,hold,0.0,141.31209927527888,0,0.0,0.45,63.590444673875496,0.0,63.590444673875496
2024-01-17 03:00:00,51,28.05581552148639,0.0,148.5782141312645,0.0,0.13757418647687586,25.0,hold,0.0,148.5782141312645,0,0.0,0.45,66.86019635906902,0.0,66.86019635906902
2024-01-17 04:00:00,52,29.23118047231323,0.0,145.59338104240305,0.0,0.13757418647687586,25.0,hold,0.0,145.59338104240305,0,0.0,0.45,65.51702146908137,0.0,65.51702146908137
2024-01-17 05:00:00,53,28.054130661750214,0.0,151.56561811446977,0.0,0.13757418647687586,25.0,hold,0.0,151.56561811446977,0,0.0,0.45,68.2045281515114,0.0,68.2045281515114
2024-01-17 06:00:00,54,30.33085539486995,0.0,169.01519863464483,0.0,0.13757418647687586,25.0,hold,0.0,169.01519863464483,0,0.0,0.45,76.05683938559018,0.0,76.05683938559018
2024-01-17 07:00:00,55,31.69600988373834,0.05377917351158138,612.1882694678205,8.897587500355314,0.13757418647687586,25.0,hold,0.0,603.2906819674652,0,8.897587500355314,0.45,271.48080688535936,0.0,271.48080688535936
2024-01-17 08:00:00,56,30.243277778691343,0.07347827567774258,530.1991828892826,12.229325298363424,0.13757418647687586,25.0,hold,0.0,517.9698575909192,0,12.229325298363424,0.45,233.08643591591365,0.0,233.08643591591365
2024-01-17 09:00:00,57,32.607862140296774,0.06489464061059239,489.0329291675229,10.696366457802252,0.13757418647687586,25.0,hold,0.0,478.3365627097207,0,10.696366457802252,0.45,215.2514532193743,0.0,215.2514532193743
2024-01-17 10:00:00,58,31.00249485040126,0.16861665060149345,494.77677723106103,27.976588609943274,0.13757418647687586,25.0,hold,0.0,466.80018862111774,0,27.976588609943274,0.45,210.060084879503,0.0,210.060084879503
2024-01-17 11:00:00,59,33.54890048667389,0.12250281215784542,522.6718285799815,20.113338308510638,0.13757418647687586,25.0,hold,0.0,502.5584902714708,0,20.113338308510638,0.45,226.15132062216188,0.0,226.15132062216188
2024-01-17 12:00:00,60,33.66618106249338,0.14900518569546858,493.57406780420445,24.452793543658245,0.13757418647687586,25.0,hold,0.0,469.1212742605462,0,24.452793543658245,0.45,211.1045734172458,0.0,211.1045734172458
2024-01-17 13:00:00,61,32.508167978303995,0.017500000000000005,554.1423595290127,2.8856528010581832,0.13757418647687586,25.0,hold,0.0,551.2567067279545,0,2.8856528010581832,0.45,248.06551802757951,0.0,248.06551802757951
2024-01-17 14:00:00,62,32.80383971722183,0.11285216358807022,500.3449924253915,18.5860052764315,0.13757418647687586,25.0,hold,0.0,481.75898714896005,0,18.5860052764315,0.45,216.79154421703203,0.0,216.79154421703203
2024-01-17 15:00:00,63,31.09726353218042,0.14754859908313497,463.9152351871912,24.47150481329149,0.13757418647687586,25.0,hold,0.0,439.4437303738997,0,24.47150481329149,0.45,197.7496786682549,0.0,197.7496786682549
2024-01-17 16:00:00,64,30.96345821797114,0.06699447059857928,550.2996573847704,11.117387267908667,0.13757418647687586,25.0,hold,0.0,539.1822701168618,0,11.117387267908667,0.45,242.63202155258782,0.0,242.63202155258782
2024-01-17 17:00:00,65,29.194315903700012,0.060197759623068,589.0716441776958,10.061927009944743,0.13757418647687586,25.0,hold,0.0,579.0097171677511,0,10.061927009944743,0.65,376.3563161590382,0.0,376.3563161590382
2024-01-17 18:00:00,66,28.55618195262412,0.0,557.4104937354498,0.0,0.13757418647687586,25.0,hold,0.0,557.4104937354498,0,0.0,0.85,473.7989196751323,0.0,473.7989196751323
2024-01-17 19:00:00,67,29.034277642699518,0.0,147.26273540279794,0.0,0.13757418647687586,25.0,hold,0.0,147.26273540279794,0,0.0,0.85,125.17332509237825,0.0,125.17332509237825
2024-01-17 20:00:00,68,29.24143306308892,0.0,155.8524255693827,0.0,0.13757418647687586,25.0,hold,0.0,155.8524255693827,0,0.0,0.85,132.4745617339753,0.0,132.4745617339753
2024-01-17 21:00:00,69,26.903790175731167,0.0,155.7569110592678,0.0,0.13757418647687586,25.0,hold,0.0,155.7569110592678,0,0.0,0.65,101.24199218852407,0.0,101.24199218852407
2024-01-17 22:00:00,70,26.812942406521042,0.0,146.74067149441464,0.0,0.13757418647687586,25.0,hold,0.0,146.74067149441464,0,0.0,0.45,66.03330217248659,0.0,66.03330217248659
2024-01-17 23:00:00,71,27.285311100348963,0.0,149.26973221233058,0.0,0.13757418647687586,25.0,hold,0.0,149.26973221233058,0,0.0,0.45,67.17137949554876,0.0,67.17137949554876
2024-01-18 00:00:00,72,24.072451177630796,0.0,147.3919576716705,0.0,0.13757418647687586,25.0,hold,0.0,147.3919576716705,0,0.0,0.45,66.32638095225172,0.0,66.32638095225172
2024-01-18 01:00:00,73,26.91005041640151,0.0,150.8017279561394,0.0,0.13757418647687586,25.0,hold,0.0,150.8017279561394,0,0.0,0.45,67.86077758026272,0.0,67.86077758026272
2024-01-18 02:00:00,74,24.790853280319503,0.0,138.6224245725654,0.0,0.13757418647687586,25.0,hold,0.0,138.6224245725654,0,0.0,0.45,62.380091057654425,0.0,62.380091057654425
2024-01-18 03:00:00,75,26.76876209739612,0.0,158.71076165833165,0.0,0.13757418647687586,25.0,hold,0.0,158.71076165833165,0,0.0,0.45,71.41984274624924,0.0,71.41984274624924
2024-01-18 04:00:00,76,28.5462876360387,0.0,151.07790344050542,0.0,0.13757418647687586,25.0,hold,0.0,151.07790344050542,0,0.0,0.45,67.98505654822745,0.0,67.98505654822745
2024-01-18 05:00:00,77,27.78573049397192,0.0,133.54224485266275,0.0,0.13757418647687586,25.0,hold,0.0,133.54224485266275,0,0.0,0.45,60.09401018369824,0.0,60.09401018369824
2024-01-18 06:00:00,78,28.662838688873297,0.0,141.20520880147498,0.0,0.13757418647687586,25.0,hold,0.0,141.20520880147498,0,0.0,0.45,63.54234396066374,0.0,63.54234396066374
2024-01-18 07:00:00,79,30.801945693711406,0.03076870212852485,553.7720427978891,5.109286891454561,0.13757418647687586,25.0,hold,0.0,548.6627559064345,0,5.109286891454561,0.45,246.89824015789554,0.0,246.89824015789554
2024-01-18 08:00:00,80,30.910438961306884,0.07886308543325654,546.3675876264217,13.08976601578117,0.13757418647687586,25.0,hold,0.0,533.2778216106406,0,13.08976601578117,0.45,239.97501972478827,0.0,239.97501972478827
2024-01-18 09:00:00,81,32.28873965088568,0.08349302377217534,533.2740352740386,13.779993980470202,0.13757418647687586,25.0,hold,0.0,519.4940412935684,0,13.779993980470202,0.45,233.7723185821058,0.0,233.7723185821058
2024-01-18 10:00:00,82,33.199478443888076,0.20628422275421168,487.47501371158626,33.91815020252058,0.13757418647687586,25.0,hold,0.0,453.5568635090657,0,33.91815020252058,0.45,204.10058857907956,0.0,204.10058857907956
2024-01-18 11:00:00,83,32.635067950960725,0.2299738227729157,521.776381907882,37.90156115200255,0.13757418647687586,25.0,hold,0.0,483.8748207558794,0,37.90156115200255,0.45,217.74366934014574,0.0,217.74366934014574
2024-01-18 12:00:00,84,32.6347682869976,0.10444947972805867,490.6115316503595,17.21414720248357,0.13757418647687586,25.0,hold,0.0,473.39738444787594,0,17.21414720248357,0.45,213.02882300154417,0.0,213.02882300154417
2024-01-18 13:00:00,85,31.52349563450537,0.1522186946391608,540.3345683969037,25.201939455478637,0.13757418647687586,25.0,hold,0.0,515.1326289414251,0,25.201939455478637,0.45,231.8096830236413,0.0,231.8096830236413
2024-01-18 14:00:00,86,32.98694979870342,0.1291369393955967,534.8376406846799,21.25192072581607,0.13757418647687586,25.0,hold,0.0,513.5857199588638,0,21.25192072581607,0.45,231.1135739814887,0.0,231.1135739814887
2024-01-18 15:00:00,87,31.38517188544432,0.07608113321866532,562.0715110593223,12.60345469044152,0.13757418647687586,25.0,hold,0.0,549.4680563688809,0,12.60345469044152,0.45,247.2606253659964,0.0,247.2606253659964
2024-01-18 16:00:00,88,31.567232562967337,0.09080144236856218,467.4997446912614,15.030751554076259,0.13757418647687586,25.0,hold,0.0,452.4689931371852,0,15.030751554076259,0.45,203.61104691173333,0.0,203.61104691173333
2024-01-18 17:00:00,89,29.293976396827514,0.03328314627833492,593.9170408921769,5.560951277035634,0.13757418647687586,25.0,hold,0.0,588.3560896151413,0,5.560951277035634,0.65,382.43145824984185,0.0,382.43145824984185
2024-01-18 18:00:00,90,31.013989317693735,0.0,602.0482827095457,0.0,0.13757418647687586,25.0,hold,0.0,602.0482827095457,0,0.0,0.85,511.74104030311383,0.0,511.74104030311383
2024-01-18 19:00:00,91,31.793131125249293,0.0,150.61466622376426,0.0,0.13757418647687586,25.0,hold,0.0,150.61466622376426,0,0.0,0.85,128.02246629019962,0.0,128.02246629019962
2024-01-18 20:00:00,92,26.126477693134714,0.0,144.65529143693468,0.0,0.13757418647687586,25.0,hold,0.0,144.65529143693468,0,0.0,0.85,122.95699772139447,0.0,122.95699772139447
2024-01-18 21:00:00,93,25.956425949753143,0.0,152.00201758137024,0.0,0.13757418647687586,25.0,hold,0.0,152.00201758137024,0,0.0,0.65,98.80131142789065,0.0,98.80131142789065
2024-01-18 22:00:00,94,27.801734946115452,0.0,158.75911267925846,0.0,0.13757418647687586,25.0,hold,0.0,158.75911267925846,0,0.0,0.45,71.44160070566632,0.0,71.44160070566632
2024-01-18 23:00:00,95,25.841804372627468,0.0,160.01150849904278,0.0,0.13757418647687586,25.0,hold,0.0,160.01150849904278,0,0.0,0.45,72.00517882456926,0.0,72.00517882456926
2024-01-19 00:00:00,96,26.41168771130969,0.0,146.13334582809577,0.0,0.13757418647687586,25.0,hold,0.0,146.13334582809577,0,0.0,0.45,65.76000562264309,0.0,65.76000562264309
2024-01-19 01:00:00,97,23.972062105385245,0.0,152.33230421185823,0.0,0.13757418647687586,25.0,hold,0.0,152.33230421185823,0,0.0,0.45,68.5495368953362,0.0,68.5495368953362
2024-01-19 02:00:00,98,26.464651044431868,0.0,147.98330910286552,0.0,0.13757418647687586,25.0,hold,0.0,147.98330910286552,0,0.0,0.45,66.59248909628948,0.0,66.59248909628948
2024-01-19 03:00:00,99,28.06705497219941,0.0,156.09876444296808,0.0,0.13757418647687586,25.0,hold,0.0,156.09876444296808,0,0.0,0.45,70.24444399933563,0.0,70.24444399933563
2024-01-19 04:00:00,100,28.379288426723406,0.0,141.66278170638049,0.0,0.13757418647687586,25.0,hold,0.0,141.66278170638049,0,0.0,0.45,63.74825176787122,0.0,63.74825176787122
2024-01-19 05:00:00,101,28.692731522398713,0.0,158.89411265833257,0.0,0.13757418647687586,25.0,hold,0.0,158.89411265833257,0,0.0,0.45,71.50235069624966,0.0,71.50235069624966
2024-01-19 06:00:00,102,30.885893812756883,0.0,159.88240699805812,0.0,0.13757418647687586,25.0,hold,0.0,159.88240699805812,0,0.0,0.45,71.94708314912616,0.0,71.94708314912616
2024-01-19 07:00:00,103,30.532406558151823,0.026926542786665023,547.7534415815476,4.47621363804017,0.13757418647687586,25.0,hold,0.0,543.2772279435075,0,4.47621363804017,0.45,244.47475257457836,0.0,244.47475257457836
2024-01-19 08:00:00,104,32.61326561258534,0.08617349982140964,516.9310877400194,14.20337298446324,0.13757418647687586,25.0,hold,0.0,502.7277147555562,0,14.20337298446324,0.45,226.2274716400003,0.0,226.2274716400003
2024-01-19 09:00:00,105,32.321481802411355,0.1428865638535712,511.2950548874947,23.57933971870426,0.13757418647687586,25.0,hold,0.0,487.71571516879044,0,23.57933971870426,0.45,219.4720718259557,0.0,219.4720718259557
2024-01-19 10:00:00,106,32.784442290933306,0.08562985190972465,517.6711717157146,14.103799989063948,0.13757418647687586,25.0,hold,0.0,503.5673717266507,0,14.103799989063948,0.45,226.60531727699282,0.0,226.60531727699282
2024-01-19 11:00:00,107,31.66657103780593,0.15125668843541815,492.3558512456608,25.02794988231045,0.13757418647687586,25.0,hold,0.0,467.32790136335035,0,25.02794988231045,0.45,210.29755561350765,0.0,210.29755561350765
2024-01-19 12:00:00,108,34.07477923635565,0.15140963568949048,560.2123729773376,24.80531193487875,0.13757418647687586,25.0,hold,0.0,535.4070610424588,0,24.80531193487875,0.45,240.93317746910648,0.0,240.93317746910648
2024-01-19 13:00:00,109,32.430729237375914,0.1286054304831453,513.4311058219672,21.21309333211873,0.13757418647687586,25.0,hold,0.0,492.2180124898485,0,21.21309333211873,0.45,221.49810562043183,0.0,221.49810562043183
2024-01-19 14:00:00,110,30.436060039848275,0.1717326537289836,518.4189202314221,28.559737802725422,0.13757418647687586,25.0,hold,0.0,489.8591824286967,0,28.559737802725422,0.45,220.43663209291353,0.0,220.43663209291353
2024-01-19 15:00:00,111,32.056054897258434,0.034769628511370686,541.4955283539073,5.744008089810227,0.13757418647687586,25.0,hold,0.0,535.751520264097,0,5.744008089810227,0.45,241.08818411884369,0.0,241.08818411884369
2024-01-19 16:00:00,112,32.71579439483283,0.08910439500401397,487.39233151261186,14.680239540444054,0.13757418647687586,25.0,hold,0.0,472.7120919721678,0,14.680239540444054,0.45,212.72044138747552,0.0,212.72044138747552
2024-01-19 17:00:00,113,31.720120852045262,0.059549167694259664,581.6877323117101,9.851237737614133,0.13757418647687586,25.0,hold,0.0,571.8364945740959,0,9.851237737614133,0.65,371.6937214731624,0.0,371.6937214731624
2024-01-19 18:00:00,114,27.570921669038132,0.0,569.9478933355343,0.0,0.13757418647687586,25.0,hold,0.0,569.9478933355343,0,0.0,0.85,484.4557093352042,0.0,484.4557093352042
2024-01-19 19:00:00,115,28.189079937228637,0.0,147.18051960306047,0.0,0.13757418647687586,25.0,hold,0.0,147.18051960306047,0,0.0,0.85,125.1034416626014,0.0,125.1034416626014
2024-01-19 20:00:00,116,26.14870148951456,0.0,144.82439782834797,0.0,0.13757418647687586,25.0,hold,0.0,144.82439782834797,0,0.0,0.85,123.10073815409577,0.0,123.10073815409577
2024-01-19 21:00:00,117,27.238880315009066,0.0,150.30652918162534,0.0,0.13757418647687586,25.0,hold,0.0,150.30652918162534,0,0.0,0.65,97.69924396805648,0.0,97.69924396805648
2024-01-19 22:00:00,118,25.584173077183582,0.0,164.0582910033423,0.0,0.13757418647687586,25.0,hold,0.0,164.0582910033423,0,0.0,0.45,73.82623095150404,0.0,73.82623095150404
2024-01-19 23:00:00,119,26.844426371920065,0.0,142.836499311722,0.0,0.13757418647687586,25.0,hold,0.0,142.836499311722,0,0.0,0.45,64.27642469027491,0.0,64.27642469027491
2024-01-20 00:00:00,120,24.93620738111837,0.0,31.380305406047793,0.0,0.13757418647687586,25.0,hold,0.0,31.380305406047793,0,0.0,0.35,10.983106892116727,0.0,10.983106892116727
2024-01-20 01:00:00,121,26.601951987274465,0.0,31.18072371992484,0.0,0.13757418647687586,25.0,hold,0.0,31.18072371992484,0,0.0,0.35,10.913253301973693,0.0,10.913253301973693
2024-01-20 02:00:00,122,26.90656372123617,0.0,29.17136364430629,0.0,0.13757418647687586,25.0,hold,0.0,29.17136364430629,0,0.0,0.35,10.209977275507201,0.0,10.209977275507201
2024-01-20 03:00:00,123,26.575399022717374,0.0,31.787435565965254,0.0,0.13757418647687586,25.0,hold,0.0,31.787435565965254,0,0.0,0.35,11.125602448087838,0.0,11.125602448087838
2024-01-20 04:00:00,124,28.095283537208772,0.0,31.973176999697287,0.0,0.13757418647687586,25.0,hold,0.0,31.973176999697287,0,0.0,0.35,11.19061194989405,0.0,11.19061194989405
2024-01-20 05:00:00,125,30.84383486411313,0.0,28.728909480738842,0.0,0.13757418647687586,25.0,hold,0.0,28.728909480738842,0,0.0,0.35,10.055118318258595,0.0,10.055118318258595
2024-01-20 06:00:00,126,30.47274490557986,0.0,31.05034192758698,0.0,0.13757418647687586,25.0,hold,0.0,31.05034192758698,0,0.0,0.35,10.867619674655442,0.0,10.867619674655442
2024-01-20 07:00:00,127,31.5374054448319,0.04893680051752226,112.60791258395075,8.101710687792771,0.13757418647687586,25.0,hold,0.0,104.50620189615798,0,8.101710687792771,0.35,36.57717066365529,0.0,36.57717066365529
2024-01-20 08:00:00,128,32.93100966563845,0.1158877693000762,113.07011161865412,19.07592800846819,0.13757418647687586,25.0,hold,0.0,93.99418361018593,0,19.07592800846819,0.35,32.89796426356507,0.0,32.89796426356507
2024-01-20 09:00:00,129,33.87332778165215,0.09779147019346934,96.3754756979706,16.034489609781893,0.13757418647687586,25.0,hold,0.0,80.34098608818871,0,16.034489609781893,0.35,28.119345130866048,0.0,28.119345130866048
2024-01-20 10:00:00,130,31.590068931470825,0.11514027323263469,92.02261181347033,19.057874460121713,0.13757418647687586,25.0,hold,0.0,72.96473735334862,0,19.057874460121713,0.35,25.537658073672016,0.0,25.537658073672016
2024-01-20 11:00:00,131,31.97761564000565,0.21972057620051355,107.95129168386747,36.30997245841644,0.13757418647687586,25.0,hold,0.0,71.64131922545103,0,36.30997245841644,0.35,25.07446172890786,0.0,25.07446172890786
2024-01-20 12:00:00,132,32.689687124286706,0.09587550485180461,97.17581562710554,15.797504032875267,0.13757418647687586,25.0,hold,0.0,81.37831159423027,0,15.797504032875267,0.35,28.482409057980593,0.0,28.482409057980593
2024-01-20 13:00:00,133,31.362087711184575,0.10184993402733945,93.15783009791187,16.873863599358707,0.13757418647687586,25.0,hold,0.0,76.28396649855316,0,16.873863599358707,0.35,26.699388274493604,0.0,26.699388274493604
2024-01-20 14:00:00,134,32.413858845901814,0.16896223652852368,104.06855444135803,27.871769932949984,0.13757418647687586,25.0,hold,0.0,76.19678450840804,0,27.871769932949984,0.35,26.668874577942812,0.0,26.668874577942812
2024-01-20 15:00:00,135,32.73948963872751,0.12854366988803786,99.64457393413072,21.175917448135156,0.13757418647687586,25.0,hold,0.0,78.46865648599557,0,21.175917448135156,0.35,27.464029770098445,0.0,27.464029770098445
2024-01-20 16:00:00,136,29.94769834329399,0.0981968479176159,101.43143801181628,16.363087246398802,0.13757418647687586,25.0,hold,0.0,85.06835076541748,0,16.363087246398802,0.35,29.773922767896114,0.0,29.773922767896114
2024-01-20 17:00:00,137,29.854349979818657,0.037759503857760834,122.6095854545243,6.294473120002221,0.13757418647687586,25.0,hold,0.0,116.31511233452207,0,6.294473120002221,0.35,40.71028931708272,0.0,40.71028931708272
2024-01-20 18:00:00,138,30.224973033890873,0.0,116.5876469199408,0.0,0.13757418647687586,25.0,hold,0.0,116.5876469199408,0,0.0,0.35,40.80567642197928,0.0,40.80567642197928
2024-01-20 19:00:00,139,28.32000560214103,0.0,30.1390819486288,0.0,0.13757418647687586,25.0,hold,0.0,30.1390819486288,0,0.0,0.35,10.548678682020078,0.0,10.548678682020078
2024-01-20 20:00:00,140,27.478392296922628,0.0,27.164715410018466,0.0,0.13757418647687586,25.0,hold,0.0,27.164715410018466,0,0.0,0.35,9.507650393506463,0.0,9.507650393506463
2024-01-20 21:00:00,141,26.764871192405455,0.0,32.00878427822144,0.0,0.13757418647687586,25.0,hold,0.0,32.00878427822144,0,0.0,0.35,11.203074497377504,0.0,11.203074497377504
2024-01-20 22:00:00,142,27.47553801826816,0.0,28.247020575017327,0.0,0.13757418647687586,25.0,hold,0.0,28.247020575017327,0,0.0,0.35,9.886457201256064,0.0,9.886457201256064
2024-01-20 23:00:00,143,25.5400400270773,0.0,30.434625872788367,0.0,0.13757418647687586,25.0,hold,0.0,30.434625872788367,0,0.0,0.35,10.652119055475927,0.0,10.652119055475927
2024-01-21 00:00:00,144,27.22966448453144,0.0,33.798767425336024,0.0,0.13757418647687586,25.0,hold,0.0,33.798767425336024,0,0.0,0.35,11.829568598867608,0.0,11.829568598867608
2024-01-21 01:00:00,145,26.312058329281868,0.0,29.085611684875047,0.0,0.13757418647687586,25.0,hold,0.0,29.085611684875047,0,0.0,0.35,10.179964089706266,0.0,10.179964089706266
2024-01-21 02:00:00,146,25.787698177110418,0.0,28.836128954995242,0.0,0.13757418647687586,25.0,hold,0.0,28.836128954995242,0,0.0,0.35,10.092645134248334,0.0,10.092645134248334
2024-01-21 03:00:00,147,28.517219512594696,0.0,32.181090793557885,0.0,0.13757418647687586,25.0,hold,0.0,32.181090793557885,0,0.0,0.35,11.26338177774526,0.0,11.26338177774526
2024-01-21 04:00:00,148,28.893402234245144,0.0,30.62262164217853,0.0,0.13757418647687586,25.0,hold,0.0,30.62262164217853,0,0.0,0.35,10.717917574762485,0.0,10.717917574762485
2024-01-21 05:00:00,149,28.0784949034529,0.0,30.91878237475257,0.0,0.13757418647687586,25.0,hold,0.0,30.91878237475257,0,0.0,0.35,10.821573831163398,0.0,10.821573831163398
2024-01-21 06:00:00,150,29.620078556545117,0.0,28.902575078065567,0.0,0.13757418647687586,25.0,hold,0.0,28.902575078065567,0,0.0,0.35,10.115901277322948,0.0,10.115901277322948
2024-01-21 07:00:00,151,31.518860930738246,0.0661695377007061,103.38270207050043,10.95550339951698,0.13757418647687586,25.0,hold,0.0,92.42719867098344,0,10.95550339951698,0.35,32.349519534844205,0.0,32.349519534844205
2024-01-21 08:00:00,152,31.543756448749797,0.06701720233587345,108.65025258201602,11.094714307123958,0.13757418647687586,25.0,hold,0.0,97.55553827489206,0,11.094714307123958,0.35,34.144438396212216,0.0,34.144438396212216
2024-01-21 09:00:00,153,31.239953284716925,0.12709574651341934,110.17788386031579,21.066988273048914,0.13757418647687586,25.0,hold,0.0,89.11089558726687,0,21.066988273048914,0.35,31.1888134555434,0.0,31.1888134555434
2024-01-21 10:00:00,154,32.94805159177351,0.08995021538780423,94.08437787341386,14.805384928163205,0.13757418647687586,25.0,hold,0.0,79.27899294525065,0,14.805384928163205,0.35,27.747647530837725,0.0,27.747647530837725
2024-01-21 11:00:00,155,34.00097969268061,0.21562890123514245,106.657672571264,35.337120684376885,0.13757418647687586,25.0,hold,0.0,71.32055188688712,0,35.337120684376885,0.35,24.96219316041049,0.0,24.96219316041049
2024-01-21 12:00:00,156,32.64917441492867,0.13923837146431156,105.87873662363447,22.946283308697787,0.13757418647687586,25.0,hold,0.0,82.93245331493668,0,22.946283308697787,0.35,29.026358660227835,0.0,29.026358660227835
2024-01-21 13:00:00,157,33.825652523383106,0.03698956143830242,105.9926964104667,6.066234673463595,0.13757418647687586,25.0,hold,0.0,99.92646173700311,0,6.066234673463595,0.35,34.974261607951085,0.0,34.974261607951085
2024-01-21 14:00:00,158,32.96233094744144,0.17162267340522094,105.92702833822452,28.24662324274638,0.13757418647687586,25.0,hold,0.0,77.68040509547814,0,28.24662324274638,0.35,27.188141783417347,0.0,27.188141783417347
2024-01-21 15:00:00,159,32.58846018539601,0.108847719492538,98.02983939665242,17.942441435496075,0.13757418647687586,25.0,hold,0.0,80.08739796115634,0,17.942441435496075,0.35,28.030589286404716,0.0,28.030589286404716
2024-01-21 16:00:00,160,33.59284232763231,0.032874019495730745,96.66693319404484,5.396496053256645,0.13757418647687586,25.0,hold,0.0,91.2704371407882,0,5.396496053256645,0.35,31.94465299927587,0.0,31.94465299927587
2024-01-21 17:00:00,161,30.16660404983002,0.031690828140534984,117.43839297814748,5.276101690401866,0.13757418647687586,25.0,hold,0.0,112.1622912877456,0,5.276101690401866,0.35,39.25680195071096,0.0,39.25680195071096
2024-01-21 18:00:00,162,30.36169276297562,0.0,113.55056944516683,0.0,0.13757418647687586,25.0,hold,0.0,113.55056944516683,0,0.0,0.35,39.74269930580839,0.0,39.74269930580839
2024-01-21 19:00:00,163,29.424621314320934,0.0,30.191336489265883,0.0,0.13757418647687586,25.0,hold,0.0,30.191336489265883,0,0.0,0.35,10.566967771243059,0.0,10.566967771243059
2024-01-21 20:00:00,164,26.873939052852645,0.0,30.173875462348075,0.0,0.13757418647687586,25.0,hold,0.0,30.173875462348075,0,0.0,0.35,10.560856411821826,0.0,10.560856411821826
2024-01-21 21:00:00,165,27.33737566214525,0.0,28.596208137434324,0.0,0.13757418647687586,25.0,hold,0.0,28.596208137434324,0,0.0,0.35,10.008672848102012,0.0,10.008672848102012
2024-01-21 22:00:00,166,26.283272005361844,0.0,28.424386571890217,0.0,0.13757418647687586,25.0,hold,0.0,28.424386571890217,0,0.0,0.35,9.948535300161575,0.0,9.948535300161575
2024-01-21 23:00:00,167,24.880046223665293,0.0,30.6874485949964,0.0,0.13757418647687586,25.0,hold,0.0,30.6874485949964,0,0.0,0.35,10.74060700824874,0.0,10.74060700824874
2024-01-22 00:00:00,168,24.533142987196186,0.0,144.41634498358903,0.0,0.13757418647687586,25.0,hold,0.0,144.41634498358903,0,0.0,0.45,64.98735524261507,0.0,64.98735524261507
2024-01-22 01:00:00,169,27.292740874517754,0.0,150.96617412277632,0.0,0.13757418647687586,25.0,hold,0.0,150.96617412277632,0,0.0,0.45,67.93477835524935,0.0,67.93477835524935
2024-01-22 02:00:00,170,24.787704986467656,0.0,138.6572702387029,0.0,0.13757418647687586,25.0,hold,0.0,138.6572702387029,0,0.0,0.45,62.3957716074163,0.0,62.3957716074163
2024-01-22 03:00:00,171,27.08150181383882,0.0,148.87178401150516,0.0,0.13757418647687586,25.0,hold,0.0,148.87178401150516,0,0.0,0.45,66.99230280517732,0.0,66.99230280517732
2024-01-22 04:00:00,172,28.03776176089155,0.0,154.66344131794807,0.0,0.13757418647687586,25.0,hold,0.0,154.66344131794807,0,0.0,0.45,69.59854859307663,0.0,69.59854859307663
2024-01-22 05:00:00,173,27.521154194166886,0.0,164.95222849821354,0.0,0.13757418647687586,25.0,hold,0.0,164.95222849821354,0,0.0,0.45,74.2285028241961,0.0,74.2285028241961
2024-01-22 06:00:00,174,29.86934273058322,0.0,145.14694922161596,0.0,0.13757418647687586,25.0,hold,0.0,145.14694922161596,0,0.0,0.45,65.31612714972718,0.0,65.31612714972718
2024-01-22 07:00:00,175,30.16470073900537,0.04292040599502142,556.9207849913979,7.14573270341223,0.13757418647687586,25.0,hold,0.0,549.7750522879857,0,7.14573270341223,0.45,247.39877352959354,0.0,247.39877352959354
2024-01-22 08:00:00,176,31.946409736802867,0.07048928306954817,609.6288010128,11.650217861090088,0.13757418647687586,25.0,hold,0.0,597.9785831517098,0,11.650217861090088,0.45,269.0903624182694,0.0,269.0903624182694
2024-01-22 09:00:00,177,32.74128247585945,0.05355208529049953,474.47245826650106,8.82195246218947,0.13757418647687586,25.0,hold,0.0,465.6505058043116,0,8.82195246218947,0.45,209.54272761194022,0.0,209.54272761194022
2024-01-22 10:00:00,178,33.54825810295025,0.15826832565193513,556.8921068789872,25.985630782736692,0.13757418647687586,25.0,hold,0.0,530.9064760962505,0,25.985630782736692,0.45,238.90791424331272,0.0,238.90791424331272
2024-01-22 11:00:00,179,33.71949663504782,0.07594744802767295,502.9695915973775,12.460754172792322,0.13757418647687586,25.0,hold,0.0,490.5088374245851,0,12.460754172792322,0.45,220.72897684106331,0.0,220.72897684106331
2024-01-22 12:00:00,180,31.53545579767667,0.0674076432221906,513.4339084382956,11.159732370333558,0.13757418647687586,25.0,hold,0.0,502.274176067962,0,11.159732370333558,0.45,226.02337923058292,0.0,226.02337923058292
2024-01-22 13:00:00,181,33.42972693767974,0.11511966469728703,489.2834731505821,18.910452408321138,0.13757418647687586,25.0,hold,0.0,470.37302074226096,0,18.910452408321138,0.45,211.66785933401744,0.0,211.66785933401744
2024-01-22 14:00:00,182,34.55294320049604,0.17676829141615683,545.0757931341814,28.902322476414508,0.13757418647687586,25.0,hold,0.0,516.1734706577669,0,28.902322476414508,0.45,232.2780617959951,0.0,232.2780617959951
2024-01-22 15:00:00,183,32.78384230842624,0.06724847111863823,512.8867797241666,11.076293073792737,0.13757418647687586,25.0,hold,0.0,501.81048665037383,0,11.076293073792737,0.45,225.81471899266822,0.0,225.81471899266822
2024-01-22 16:00:00,184,32.143928755042865,0.07851767777072134,480.500498240637,12.966576427738927,0.13757418647687586,25.0,hold,0.0,467.5339218128981,0,12.966576427738927,0.45,210.39026481580413,0.0,210.39026481580413
2024-01-22 17:00:00,185,31.580753459376346,0.047326629986173784,515.1604188590613,7.83374457652809,0.13757418647687586,25.0,hold,0.0,507.32667428253325,0,7.83374457652809,0.65,329.7623382836466,0.0,329.7623382836466
2024-01-22 18:00:00,186,29.707425684688232,0.0,545.0765198205618,0.0,0.13757418647687586,25.0,hold,0.0,545.0765198205618,0,0.0,0.85,463.3150418474775,0.0,463.3150418474775
2024-01-22 19:00:00,187,29.38313184859618,0.0,146.80370605407657,0.0,0.13757418647687586,25.0,hold,0.0,146.80370605407657,0,0.0,0.85,124.78315014596508,0.0,124.78315014596508
2024-01-22 20:00:00,188,26.772486894451422,0.0,131.35838532957902,0.0,0.13757418647687586,25.0,hold,0.0,131.35838532957902,0,0.0,0.85,111.65462753014216,0.0,111.65462753014216
2024-01-22 21:00:00,189,26.031676853601162,0.0,148.62107634758516,0.0,0.13757418647687586,25.0,hold,0.0,148.62107634758516,0,0.0,0.65,96.60369962593036,0.0,96.60369962593036
2024-01-22 22:00:00,190,26.778129211168192,0.0,159.6842226880124,0.0,0.13757418647687586,25.0,hold,0.0,159.6842226880124,0,0.0,0.45,71.85790020960557,0.0,71.85790020960557
2024-01-22 23:00:00,191,26.39890605549372,0.0,154.95683673541774,0.0,0.13757418647687586,25.0,hold,0.0,154.95683673541774,0,0.0,0.45,69.73057653093798,0.0,69.73057653093798
2024-01-23 00:00:00,192,25.669148454723892,0.0,142.64234738538534,0.0,0.13757418647687586,25.0,hold,0.0,142.64234738538534,0,0.0,0.45,64.1890563234234,0.0,64.1890563234234
2024-01-23 01:00:00,193,26.201720507514082,0.0,145.9569952143763,0.0,0.13757418647687586,25.0,hold,0.0,145.9569952143763,0,0.0,0.45,65.68064784646933,0.0,65.68064784646933
2024-01-23 02:00:00,194,23.214556407136254,0.0,153.10763270975463,0.0,0.13757418647687586,25.0,hold,0.0,153.10763270975463,0,0.0,0.45,68.89843471938958,0.0,68.89843471938958
2024-01-23 03:00:00,195,27.80820928344421,0.0,152.18321660374426,0.0,0.13757418647687586,25.0,hold,0.0,152.18321660374426,0,0.0,0.45,68.48244747168492,0.0,68.48244747168492
2024-01-23 04:00:00,196,27.472400770512685,0.0,143.35412522048813,0.0,0.13757418647687586,25.0,hold,0.0,143.35412522048813,0,0.0,0.45,64.50935634921966,0.0,64.50935634921966
2024-01-23 05:00:00,197,28.301727283711575,0.0,146.02557686865913,0.0,0.13757418647687586,25.0,hold,0.0,146.02557686865913,0,0.0,0.45,65.71150959089661,0.0,65.71150959089661
2024-01-23 06:00:00,198,30.06561520273515,0.0,140.80200197823905,0.0,0.13757418647687586,25.0,hold,0.0,140.80200197823905,0,0.0,0.45,63.360900890207574,0.0,63.360900890207574
2024-01-23 07:00:00,199,29.845537089588543,0.025090189415194156,535.8939869877353,4.1826608990736425,0.13757418647687586,25.0,hold,0.0,531.7113260886616,0,4.1826608990736425,0.45,239.27009673989772,0.0,239.27009673989772
2024-01-23 08:00:00,200,30.554271661201618,0.040650695823769664,563.3912085081687,6.757084484721821,0.13757418647687586,25.0,hold,0.0,556.6341240234468,0,6.757084484721821,0.45,250.48535581055108,0.0,250.48535581055108
2024-01-23 09:00:00,201,31.105188659541827,0.04975370475757202,468.91844906630354,8.251575896029081,0.13757418647687586,25.0,hold,0.0,460.66687317027447,0,8.251575896029081,0.45,207.3000929266235,0.0,207.3000929266235
2024-01-23 10:00:00,202,34.59805523657305,0.08972839599553413,556.6121968204206,14.668199010523919,0.13757418647687586,25.0,hold,0.0,541.9439978098967,0,14.668199010523919,0.45,243.87479901445352,0.0,243.87479901445352
2024-01-23 11:00:00,203,30.39953716601265,0.11205218456542054,542.4136442152968,18.637451020257643,0.13757418647687586,25.0,hold,0.0,523.7761931950391,0,18.637451020257643,0.45,235.69928693776762,0.0,235.69928693776762
2024-01-23 12:00:00,204,34.10074078427969,0.19437906731970375,536.684511249365,31.841525860564296,0.13757418647687586,25.0,hold,0.0,504.8429853888007,0,31.841525860564296,0.45,227.1793434249603,0.0,227.1793434249603
2024-01-23 13:00:00,205,33.800942845267976,0.054274229112404516,535.6932943821214,8.901807165004078,0.13757418647687586,25.0,hold,0.0,526.7914872171173,0,8.901807165004078,0.45,237.05616924770277,0.0,237.05616924770277
2024-01-23 14:00:00,206,34.46484733423292,0.18261920155391284,545.301790886551,29.86990951732022,0.13757418647687586,25.0,hold,0.0,515.4318813692307,0,29.86990951732022,0.45,231.94434661615384,0.0,231.94434661615384
2024-01-23 15:00:00,207,30.184572097115048,0.03811978518604774,552.4816614909207,6.345971834884067,0.13757418647687586,25.0,hold,0.0,546.1356896560367,0,6.345971834884067,0.45,245.76106034521652,0.0,245.76106034521652
2024-01-23 16:00:00,208,32.397818131024756,0.04959916706745176,511.80228011126576,8.182348981624381,0.13757418647687586,25.0,hold,0.0,503.6199311296414,0,8.182348981624381,0.45,226.62896900833863,0.0,226.62896900833863
2024-01-23 17:00:00,209,29.58882977575399,0.03325686862592734,552.0271618939279,5.5498927922883325,0.13757418647687586,25.0,hold,0.0,546.4772691016395,0,5.5498927922883325,0.65,355.2102249160657,0.0,355.2102249160657
2024-01-23 18:00:00,210,29.026181501274486,0.0,579.2837811791425,0.0,0.13757418647687586,25.0,hold,0.0,579.2837811791425,0,0.0,0.85,492.39121400227106,0.0,492.39121400227106
2024-01-23 19:00:00,211,27.878665143340598,0.0,150.4053696497805,0.0,0.13757418647687586,25.0,hold,0.0,150.4053696497805,0,0.0,0.85,127.84456420231344,0.0,127.84456420231344
2024-01-23 20:00:00,212,27.67814623937315,0.0,143.55553523658668,0.0,0.13757418647687586,25.0,hold,0.0,143.55553523658668,0,0.0,0.85,122.02220495109867,0.0,122.02220495109867
2024-01-23 21:00:00,213,27.054579501763797,0.0,145.53774323204092,0.0,0.13757418647687586,25.0,hold,0.0,145.53774323204092,0,0.0,0.65,94.5995331008266,0.0,94.5995331008266
2024-01-23 22:00:00,214,24.935942432523294,0.0,143.01173074699915,0.0,0.13757418647687586,25.0,hold,0.0,143.01173074699915,0,0.0,0.45,64.35527883614962,0.0,64.35527883614962
2024-01-23 23:00:00,215,25.007979639196645,0.0,143.74127752891638,0.0,0.13757418647687586,25.0,hold,0.0,143.74127752891638,0,0.0,0.45,64.68357488801237,0.0,64.68357488801237
2024-01-24 00:00:00,216,24.046549719162506,0.0,155.92552795949797,0.0,0.13757418647687586,25.0,hold,0.0,155.92552795949797,0,0.0,0.45,70.16648758177409,0.0,70.16648758177409
2024-01-24 01:00:00,217,26.847538462590702,0.0,144.41819413642884,0.0,0.13757418647687586,25.0,hold,0.0,144.41819413642884,0,0.0,0.45,64.98818736139297,0.0,64.98818736139297
2024-01-24 02:00:00,218,27.42340272953723,0.0,145.21103189158265,0.0,0.13757418647687586,25.0,hold,0.0,145.21103189158265,0,0.0,0.45,65.3449643512122,0.0,65.3449643512122
2024-01-24 03:00:00,219,25.36690935543398,0.0,157.63661813076124,0.0,0.13757418647687586,25.0,hold,0.0,157.63661813076124,0,0.0,0.45,70.93647815884256,0.0,70.93647815884256
2024-01-24 04:00:00,220,27.49974222646216,0.0,149.77898622893835,0.0,0.13757418647687586,25.0,hold,0.0,149.77898622893835,0,0.0,0.45,67.40054380302226,0.0,67.40054380302226
2024-01-24 05:00:00,221,28.68359749779564,0.0,150.48958813664325,0.0,0.13757418647687586,25.0,hold,0.0,150.48958813664325,0,0.0,0.45,67.72031466148947,0.0,67.72031466148947
2024-01-24 06:00:00,222,30.817644729226785,0.0,161.02912173462005,0.0,0.13757418647687586,25.0,hold,0.0,161.02912173462005,0,0.0,0.45,72.46310478057903,0.0,72.46310478057903
2024-01-24 07:00:00,223,29.722996178958713,0.021115809521095676,550.3145156090899,3.5218712949613113,0.13757418647687586,25.0,hold,0.0,546.7926443141286,0,3.5218712949613113,0.45,246.05668994135786,0.0,246.05668994135786
2024-01-24 08:00:00,224,30.79187712216874,0.05380023989613211,537.9916329828918,8.934149804879773,0.13757418647687586,25.0,hold,0.0,529.057483178012,0,8.934149804879773,0.45,238.07586743010543,0.0,238.07586743010543
2024-01-24 09:00:00,225,32.07906620966333,0.07499423062433912,531.2946144540517,12.388014601863578,0.13757418647687586,25.0,hold,0.0,518.9065998521882,0,12.388014601863578,0.45,233.50796993348467,0.0,233.50796993348467
2024-01-24 10:00:00,226,31.790869142082503,0.181942480169442,479.5891198613775,30.09004927833784,0.13757418647687586,25.0,hold,0.0,449.49907058303967,0,30.09004927833784,0.45,202.27458176236786,0.0,202.27458176236786
2024-01-24 11:00:00,227,32.28188515618639,0.10165426345291441,528.9498872043679,16.77786520996688,0.13757418647687586,25.0,hold,0.0,512.172021994401,0,16.77786520996688,0.45,230.47740989748047,0.0,230.47740989748047
2024-01-24 12:00:00,228,33.61865688421441,0.24454858952000624,489.08614465782546,40.14003755687882,0.13757418647687586,25.0,hold,0.0,448.9461071009466,0,40.14003755687882,0.45,202.025748195426,0.0,202.025748195426
2024-01-24 13:00:00,229,32.29771755630122,0.10073899700713064,436.78617681533854,16.62571746320929,0.13757418647687586,25.0,hold,0.0,420.16045935212924,0,16.62571746320929,0.45,189.07220670845817,0.0,189.07220670845817
2024-01-24 14:00:00,230,32.108267227138384,0.06468887251599417,465.19387037824856,10.684426788842147,0.13757418647687586,25.0,hold,0.0,454.50944358940643,0,10.684426788842147,0.45,204.52924961523289,0.0,204.52924961523289
2024-01-24 15:00:00,231,31.665404955201236,0.0791770133373113,487.0893586142777,13.101224404558067,0.13757418647687586,25.0,hold,0.0,473.98813420971965,0,13.101224404558067,0.45,213.29466039437384,0.0,213.29466039437384
2024-01-24 16:00:00,232,31.430980941050027,0.10816122172590736,549.4995154578293,17.914411419677855,0.13757418647687586,25.0,hold,0.0,531.5851040381514,0,17.914411419677855,0.45,239.21329681716813,0.0,239.21329681716813
2024-01-24 17:00:00,233,29.940178143720278,0.028599023819326875,590.3167048495721,4.7657607440508665,0.13757418647687586,25.0,hold,0.0,585.5509441055212,0,4.7657607440508665,0.65,380.6081136685888,0.0,380.6081136685888
2024-01-24 18:00:00,234,30.603074779623952,0.0,574.0966934189546,0.0,0.13757418647687586,25.0,hold,0.0,574.0966934189546,0,0.0,0.85,487.9821894061114,0.0,487.9821894061114
2024-01-24 19:00:00,235,28.16767904206336,0.0,150.67123424091758,0.0,0.13757418647687586,25.0,hold,0.0,150.67123424091758,0,0.0,0.85,128.07054910477996,0.0,128.07054910477996
2024-01-24 20:00:00,236,29.238932908051577,0.0,154.04120909769458,0.0,0.13757418647687586,25.0,hold,0.0,154.04120909769458,0,0.0,0.85,130.93502773304039,0.0,130.93502773304039
2024-01-24 21:00:00,237,26.544978346548366,0.0,152.48223050061117,0.0,0.13757418647687586,25.0,hold,0.0,152.48223050061117,0,0.0,0.65,99.11344982539727,0.0,99.11344982539727
2024-01-24 22:00:00,238,27.098539263848174,0.0,155.70094702763794,0.0,0.13757418647687586,25.0,hold,0.0,155.70094702763794,0,0.0,0.45,70.06542616243708,0.0,70.06542616243708
2024-01-24 23:00:00,239,27.172009553295748,0.0,145.41909293465673,0.0,0.13757418647687586,25.0,hold,0.0,145.41909293465673,0,0.0,0.45,65.43859182059553,0.0,65.43859182059553
2024-01-25 00:00:00,240,26.333654273148525,0.0,154.3357260957723,0.0,0.13757418647687586,25.0,hold,0.0,154.3357260957723,0,0.0,0.45,69.45107674309753,0.0,69.45107674309753
2024-01-25 01:00:00,241,25.58162514665788,0.0,151.3083702345376,0.0,0.13757418647687586,25.0,hold,0.0,151.3083702345376,0,0.0,0.45,68.08876660554192,0.0,68.08876660554192
2024-01-25 02:00:00,242,26.191256642091723,0.0,148.98663048687604,0.0,0.13757418647687586,25.0,hold,0.0,148.98663048687604,0,0.0,0.45,67.04398371909421,0.0,67.04398371909421
2024-01-25 03:00:00,243,24.470724026232624,0.0,138.70599820591883,0.0,0.13757418647687586,25.0,hold,0.0,138.70599820591883,0,0.0,0.45,62.41769919266348,0.0,62.41769919266348
2024-01-25 04:00:00,244,26.970316123141128,0.0,159.63308115340843,0.0,0.13757418647687586,25.0,hold,0.0,159.63308115340843,0,0.0,0.45,71.83488651903379,0.0,71.83488651903379
2024-01-25 05:00:00,245,28.292874749478216,0.0,151.53465464572682,0.0,0.13757418647687586,25.0,hold,0.0,151.53465464572682,0,0.0,0.45,68.19059459057706,0.0,68.19059459057706
2024-01-25 06:00:00,246,28.967282318838965,0.0,157.19543411527584,0.0,0.13757418647687586,25.0,hold,0.0,157.19543411527584,0,0.0,0.45,70.73794535187413,0.0,70.73794535187413
2024-01-25 07:00:00,247,31.073941355507163,0.06818565983958653,554.7969231559586,11.30993629730621,0.13757418647687586,25.0,hold,0.0,543.4869868586524,0,11.30993629730621,0.45,244.56914408639358,0.0,244.56914408639358
2024-01-25 08:00:00,248,31.26113744325711,0.047863500008320105,523.9148416954163,7.933012634008566,0.13757418647687586,25.0,hold,0.0,515.9818290614077,0,7.933012634008566,0.45,232.19182307763344,0.0,232.19182307763344
2024-01-25 09:00:00,249,34.61586862200967,0.10722294622634936,491.30544656588063,17.52679245883877,0.13757418647687586,25.0,hold,0.0,473.77865410704186,0,17.52679245883877,0.45,213.20039434816883,0.0,213.20039434816883
2024-01-25 10:00:00,250,32.663650570389876,0.0994483806091761,509.2516975424911,16.387971109189632,0.13757418647687586,25.0,hold,0.0,492.8637264333015,0,16.387971109189632,0.45,221.78867689498568,0.0,221.78867689498568
2024-01-25 11:00:00,251,30.45014463472854,0.13774781905977085,544.8677619313112,22.906622275005013,0.13757418647687586,25.0,hold,0.0,521.9611396563062,0,22.906622275005013,0.45,234.88251284533777,0.0,234.88251284533777
2024-01-25 12:00:00,252,32.50545726136212,0.11906555297509096,518.8031951363441,19.633467840740067,0.13757418647687586,25.0,hold,0.0,499.16972729560405,0,19.633467840740067,0.45,224.62637728302184,0.0,224.62637728302184
2024-01-25 13:00:00,253,33.42907987776981,0.05349168925508275,503.8659116896047,8.786984882725072,0.13757418647687586,25.0,hold,0.0,495.0789268068796,0,8.786984882725072,0.45,222.78551706309582,0.0,222.78551706309582
2024-01-25 14:00:00,254,32.33488743291229,0.1273888098071437,509.8820505039452,21.02071751271374,0.13757418647687586,25.0,hold,0.0,488.86133299123145,0,21.02071751271374,0.45,219.98759984605417,0.0,219.98759984605417
2024-01-25 15:00:00,255,31.369460936774196,0.10865445428661184,532.379477225241,18.000649423238148,0.13757418647687586,25.0,hold,0.0,514.3788278020028,0,18.000649423238148,0.45,231.47047251090126,0.0,231.47047251090126
2024-01-25 16:00:00,256,31.74695775259705,0.040843111692003956,517.3507788062294,6.755943598272698,0.13757418647687586,25.0,hold,0.0,510.5948352079567,0,6.755943598272698,0.45,229.76767584358052,0.0,229.76767584358052
2024-01-25 17:00:00,257,30.70782065173289,0.04288811470581533,580.260881284527,7.124517086543021,0.13757418647687586,25.0,hold,0.0,573.136364197984,0,7.124517086543021,0.65,372.5386367286896,0.0,372.5386367286896
2024-01-25 18:00:00,258,27.88152015209114,0.0,570.7575995943519,0.0,0.13757418647687586,25.0,hold,0.0,570.7575995943519,0,0.0,0.85,485.14395965519907,0.0,485.14395965519907
2024-01-25 19:00:00,259,31.297805182474683,0.0,143.42847134651637,0.0,0.13757418647687586,25.0,hold,0.0,143.42847134651637,0,0.0,0.85,121.91420064453891,0.0,121.91420064453891
2024-01-25 20:00:00,260,29.35664274095846,0.0,131.2274649762948,0.0,0.13757418647687586,25.0,hold,0.0,131.2274649762948,0,0.0,0.85,111.54334522985059,0.0,111.54334522985059
2024-01-25 21:00:00,261,26.394734853212213,0.0,153.76083631144166,0.0,0.13757418647687586,25.0,hold,0.0,153.76083631144166,0,0.0,0.65,99.94454360243708,0.0,99.94454360243708
2024-01-25 22:00:00,262,26.08032148569964,0.0,149.1081127772869,0.0,0.13757418647687586,25.0,hold,0.0,149.1081127772869,0,0.0,0.45,67.0986507497791,0.0,67.0986507497791
2024-01-25 23:00:00,263,25.864999202858645,0.0,155.61850517841486,0.0,0.13757418647687586,25.0,hold,0.0,155.61850517841486,0,0.0,0.45,70.02832733028669,0.0,70.02832733028669
2024-01-26 00:00:00,264,24.981840435445264,0.0,158.13092184208148,0.0,0.13757418647687586,25.0,hold,0.0,158.13092184208148,0,0.0,0.45,71.15891482893667,0.0,71.15891482893667
2024-01-26 01:00:00,265,28.105956456061485,0.0,150.85858711009757,0.0,0.13757418647687586,25.0,hold,0.0,150.85858711009757,0,0.0,0.45,67.8863641995439,0.0,67.8863641995439
2024-01-26 02:00:00,266,27.372339597379753,0.0,146.63103515364008,0.0,0.13757418647687586,25.0,hold,0.0,146.63103515364008,0,0.0,0.45,65.98396581913804,0.0,65.98396581913804
2024-01-26 03:00:00,267,27.508771419707138,0.0,152.9780013128015,0.0,0.13757418647687586,25.0,hold,0.0,152.9780013128015,0,0.0,0.45,68.84010059076067,0.0,68.84010059076067
2024-01-26 04:00:00,268,27.597418468771455,0.0,131.13869641114627,0.0,0.13757418647687586,25.0,hold,0.0,131.13869641114627,0,0.0,0.45,59.012413385015826,0.0,59.012413385015826
2024-01-26 05:00:00,269,29.770727381699423,0.0,140.40016950201644,0.0,0.13757418647687586,25.0,hold,0.0,140.40016950201644,0,0.0,0.45,63.180076275907396,0.0,63.180076275907396
2024-01-26 06:00:00,270,29.074930161987204,0.0,147.8460811475295,0.0,0.13757418647687586,25.0,hold,0.0,147.8460811475295,0,0.0,0.45,66.53073651638827,0.0,66.53073651638827
2024-01-26 07:00:00,271,30.165301619569096,0.028166436078798013,549.956690911568,4.689362199626855,0.13757418647687586,25.0,hold,0.0,545.2673287119411,0,4.689362199626855,0.45,245.3702979203735,0.0,245.3702979203735
2024-01-26 08:00:00,272,30.85497788362412,0.08608697843915421,531.0513231534801,14.292040933372306,0.13757418647687586,25.0,hold,0.0,516.7592822201078,0,14.292040933372306,0.45,232.54167699904852,0.0,232.54167699904852
2024-01-26 09:00:00,273,29.300591757028506,0.1456437417811635,481.4159166738217,24.33351519554833,0.13757418647687586,25.0,hold,0.0,457.08240147827337,0,24.33351519554833,0.45,205.68708066522302,0.0,205.68708066522302
2024-01-26 10:00:00,274,34.565123914096894,0.1297277788779416,463.64851932197,21.209936058803784,0.13757418647687586,25.0,hold,0.0,442.4385832631662,0,21.209936058803784,0.45,199.0973624684248,0.0,199.0973624684248
2024-01-26 11:00:00,275,32.93698858401013,0.06749168152249507,562.4357380702522,11.109322978907572,0.13757418647687586,25.0,hold,0.0,551.3264150913446,0,11.109322978907572,0.45,248.0968867911051,0.0,248.0968867911051
2024-01-26 12:00:00,276,34.29637789021489,0.029231890669238824,505.6625083323534,4.78463093633805,0.13757418647687586,25.0,hold,0.0,500.8778773960154,0,4.78463093633805,0.45,225.39504482820692,0.0,225.39504482820692
2024-01-26 13:00:00,277,32.280210569040754,0.07848885958804293,501.6927129406671,12.954543640882417,0.13757418647687586,25.0,hold,0.0,488.73816929978466,0,12.954543640882417,0.45,219.9321761849031,0.0,219.9321761849031
2024-01-26 14:00:00,278,32.54899869935754,0.06908342796107189,500.14001318851285,11.389555472061023,0.13757418647687586,25.0,hold,0.0,488.7504577164518,0,11.389555472061023,0.45,219.93770597240334,0.0,219.93770597240334
2024-01-26 15:00:00,279,34.00187116576774,0.11774572562357812,533.7901915898095,19.296019696387646,0.13757418647687586,25.0,hold,0.0,514.4941718934219,0,19.296019696387646,0.45,231.52237735203988,0.0,231.52237735203988
2024-01-26 16:00:00,280,30.407501796039696,0.08746734494622686,511.323960885117,14.547822359932315,0.13757418647687586,25.0,hold,0.0,496.7761385251847,0,14.547822359932315,0.45,223.54926233633313,0.0,223.54926233633313
2024-01-26 17:00:00,281,30.84325907131281,0.019654354756235153,592.9392424886895,3.26314537759026,0.13757418647687586,25.0,hold,0.0,589.6760971110992,0,3.26314537759026,0.65,383.2894631222145,0.0,383.2894631222145
2024-01-26 18:00:00,282,30.090813860946287,0.0,542.8650743491198,0.0,0.13757418647687586,25.0,hold,0.0,542.8650743491198,0,0.0,0.85,461.43531319675185,0.0,461.43531319675185
2024-01-26 19:00:00,283,26.53967364625015,0.0,147.0014483869165,0.0,0.13757418647687586,25.0,hold,0.0,147.0014483869165,0,0.0,0.85,124.95123112887903,0.0,124.95123112887903
2024-01-26 20:00:00,284,25.910570328146022,0.0,155.72730787802794,0.0,0.13757418647687586,25.0,hold,0.0,155.72730787802794,0,0.0,0.85,132.36821169632375,0.0,132.36821169632375
2024-01-26 21:00:00,285,27.982406554533075,0.0,146.374462817054,0.0,0.13757418647687586,25.0,hold,0.0,146.374462817054,0,0.0,0.65,95.1434008310851,0.0,95.1434008310851
2024-01-26 22:00:00,286,26.894077836616383,0.0,159.67898456486526,0.0,0.13757418647687586,25.0,hold,0.0,159.67898456486526,0,0.0,0.45,71.85554305418937,0.0,71.85554305418937
2024-01-26 23:00:00,287,24.827408799246335,0.0,144.07580265897866,0.0,0.13757418647687586,25.0,hold,0.0,144.07580265897866,0,0.0,0.45,64.8341111965404,0.0,64.8341111965404
2024-01-27 00:00:00,288,26.300616532700268,0.0,32.82377908930273,0.0,0.13757418647687586,25.0,hold,0.0,32.82377908930273,0,0.0,0.35,11.488322681255955,0.0,11.488322681255955
2024-01-27 01:00:00,289,24.281681992637118,0.0,29.642151875533685,0.0,0.13757418647687586,25.0,hold,0.0,29.642151875533685,0,0.0,0.35,10.374753156436789,0.0,10.374753156436789
2024-01-27 02:00:00,290,26.772407635197894,0.0,32.19467426427637,0.0,0.13757418647687586,25.0,hold,0.0,32.19467426427637,0,0.0,0.35,11.26813599249673,0.0,11.26813599249673
2024-01-27 03:00:00,291,28.034174349921283,0.0,31.40899644120081,0.0,0.13757418647687586,25.0,hold,0.0,31.40899644120081,0,0.0,0.35,10.993148754420282,0.0,10.993148754420282
2024-01-27 04:00:00,292,29.418799457244138,0.0,29.81536127329411,0.0,0.13757418647687586,25.0,hold,0.0,29.81536127329411,0,0.0,0.35,10.435376445652937,0.0,10.435376445652937
2024-01-27 05:00:00,293,26.4792070116707,0.0,28.774977576638822,0.0,0.13757418647687586,25.0,hold,0.0,28.774977576638822,0,0.0,0.35,10.071242151823586,0.0,10.071242151823586
2024-01-27 06:00:00,294,28.69334665365923,0.0,27.09191296530492,0.0,0.13757418647687586,25.0,hold,0.0,27.09191296530492,0,0.0,0.35,9.482169537856722,0.0,9.482169537856722
2024-01-27 07:00:00,295,32.58171572913496,0.035760900692488655,108.64882365857116,5.894985409100644,0.13757418647687586,25.0,hold,0.0,102.75383824947052,0,5.894985409100644,0.35,35.96384338731468,0.0,35.96384338731468
2024-01-27 08:00:00,296,31.986509382636644,0.10615125547750759,112.99190544155795,17.54140724636315,0.13757418647687586,25.0,hold,0.0,95.4504981951948,0,17.54140724636315,0.35,33.407674368318176,0.0,33.407674368318176
2024-01-27 09:00:00,297,30.991433118770473,0.15117340363963683,97.71054384812159,25.083571789412495,0.13757418647687586,25.0,hold,0.0,72.6269720587091,0,25.083571789412495,0.35,25.419440220548182,0.0,25.419440220548182
2024-01-27 10:00:00,298,32.432494854911525,0.11282552053118965,97.71568099304048,18.61010742172371,0.13757418647687586,25.0,hold,0.0,79.10557357131677,0,18.61010742172371,0.35,27.686950749960868,0.0,27.686950749960868
2024-01-27 11:00:00,299,32.22683726199906,0.2047144690223137,113.08596734320561,33.795441789888784,0.13757418647687586,25.0,hold,0.0,79.29052555331683,0,33.795441789888784,0.35,27.751683943660886,0.0,27.751683943660886
2024-01-27 12:00:00,300,33.59130557127863,0.19012403201091532,98.34113462803741,31.210364156150064,0.13757418647687586,25.0,hold,0.0,67.13077047188735,0,31.210364156150064,0.35,23.49576966516057,0.0,23.49576966516057
2024-01-27 13:00:00,301,32.473717160426816,0.09955557324514465,96.71389195980424,16.418493318273303,0.13757418647687586,25.0,hold,0.0,80.29539864153094,0,16.418493318273303,0.35,28.103389524535825,0.0,28.103389524535825
2024-01-27 14:00:00,302,31.640699904632637,0.016000000000000004,106.7841499386931,2.647749185037598,0.13757418647687586,25.0,hold,0.0,104.13640075365551,0,2.647749185037598,0.35,36.44774026377942,0.0,36.44774026377942
2024-01-27 15:00:00,303,33.109219563370615,0.0870548852495619,103.62219493638327,14.319286411009664,0.13757418647687586,25.0,hold,0.0,89.3029085253736,0,14.319286411009664,0.35,31.256017983880756,0.0,31.256017983880756
2024-01-27 16:00:00,304,31.011024328178383,0.06863027074481519,97.98745150756733,11.386620032192926,0.13757418647687586,25.0,hold,0.0,86.6008314753744,0,11.386620032192926,0.35,30.31029101638104,0.0,30.31029101638104
2024-01-27 17:00:00,305,29.35337574234837,0.03610454853838334,114.22460204709367,6.03089311878427,0.13757418647687586,25.0,hold,0.0,108.1937089283094,0,6.03089311878427,0.35,37.86779812490829,0.0,37.86779812490829
2024-01-27 18:00:00,306,28.78340181160288,0.0,113.20293065342649,0.0,0.13757418647687586,25.0,hold,0.0,113.20293065342649,0,0.0,0.35,39.62102572869927,0.0,39.62102572869927
2024-01-27 19:00:00,307,28.9234864025349,0.0,27.65571931029389,0.0,0.13757418647687586,25.0,hold,0.0,27.65571931029389,0,0.0,0.35,9.67950175860286,0.0,9.67950175860286
2024-01-27 20:00:00,308,28.516032000927684,0.0,30.826275791063424,0.0,0.13757418647687586,25.0,hold,0.0,30.826275791063424,0,0.0,0.35,10.789196526872198,0.0,10.789196526872198
2024-01-27 21:00:00,309,26.627951792135836,0.0,31.281163983375812,0.0,0.13757418647687586,25.0,hold,0.0,31.281163983375812,0,0.0,0.35,10.948407394181533,0.0,10.948407394181533
2024-01-27 22:00:00,310,25.904926440808424,0.0,31.304583499524462,0.0,0.13757418647687586,25.0,hold,0.0,31.304583499524462,0,0.0,0.35,10.95660422483356,0.0,10.95660422483356
2024-01-27 23:00:00,311,25.43756253485238,0.0,30.185702398783697,0.0,0.13757418647687586,25.0,hold,0.0,30.185702398783697,0,0.0,0.35,10.564995839574292,0.0,10.564995839574292
2024-01-28 00:00:00,312,25.403177254354205,0.0,29.392636264205436,0.0,0.13757418647687586,25.0,hold,0.0,29.392636264205436,0,0.0,0.35,10.287422692471901,0.0,10.287422692471901
2024-01-28 01:00:00,313,26.62249371814146,0.0,30.1486973280498,0.0,0.13757418647687586,25.0,hold,0.0,30.1486973280498,0,0.0,0.35,10.552044064817428,0.0,10.552044064817428
2024-01-28 02:00:00,314,25.089908908762872,0.0,28.936186296015528,0.0,0.13757418647687586,25.0,hold,0.0,28.936186296015528,0,0.0,0.35,10.127665203605433,0.0,10.127665203605433
2024-01-28 03:00:00,315,26.258822441385302,0.0,28.667761034293534,0.0,0.13757418647687586,25.0,hold,0.0,28.667761034293534,0,0.0,0.35,10.033716362002735,0.0,10.033716362002735
2024-01-28 04:00:00,316,27.617940134328542,0.0,30.144357965438836,0.0,0.13757418647687586,25.0,hold,0.0,30.144357965438836,0,0.0,0.35,10.550525287903591,0.0,10.550525287903591
2024-01-28 05:00:00,317,29.1948438494926,0.0,32.03496755828207,0.0,0.13757418647687586,25.0,hold,0.0,32.03496755828207,0,0.0,0.35,11.212238645398724,0.0,11.212238645398724
2024-01-28 06:00:00,318,28.019086207066913,0.0,27.00382520425502,0.0,0.13757418647687586,25.0,hold,0.0,27.00382520425502,0,0.0,0.35,9.451338821489257,0.0,9.451338821489257
2024-01-28 07:00:00,319,30.231388613577256,0.030009479556025884,115.6216503185889,4.994857474763235,0.13757418647687586,25.0,hold,0.0,110.62679284382567,0,4.994857474763235,0.35,38.71937749533898,0.0,38.71937749533898
2024-01-28 08:00:00,320,32.07003891632472,0.051952575858447786,116.416694554457,8.582169317412799,0.13757418647687586,25.0,hold,0.0,107.8345252370442,0,8.582169317412799,0.35,37.74208383296547,0.0,37.74208383296547
2024-01-28 09:00:00,321,32.27980921228908,0.1024034247779541,95.33696865894107,16.901657583605616,0.13757418647687586,25.0,hold,0.0,78.43531107533546,0,16.901657583605616,0.35,27.45235887636741,0.0,27.45235887636741
2024-01-28 10:00:00,322,33.11001676617207,0.038478935691979826,98.25869868569949,6.32921499438421,0.13757418647687586,25.0,hold,0.0,91.92948369131527,0,6.32921499438421,0.35,32.17531929196034,0.0,32.17531929196034
2024-01-28 11:00:00,323,33.4469799943512,0.12457143805262155,106.83351694935156,20.461612806278985,0.13757418647687586,25.0,hold,0.0,86.37190414307258,0,20.461612806278985,0.35,30.2301664500754,0.0,30.2301664500754
2024-01-28 12:00:00,324,34.175715414115174,0.06128730263261344,102.64384279192382,10.03644015127447,0.13757418647687586,25.0,hold,0.0,92.60740264064935,0,10.03644015127447,0.35,32.412590924227274,0.0,32.412590924227274
2024-01-28 13:00:00,325,32.05982015413247,0.14753031651471313,105.97561717129038,24.37190830622547,0.13757418647687586,25.0,hold,0.0,81.6037088650649,0,24.37190830622547,0.35,28.561298102772714,0.0,28.561298102772714
2024-01-28 14:00:00,326,31.360778060993738,0.11758724952066253,95.23560340090965,19.481228868550165,0.13757418647687586,25.0,hold,0.0,75.75437453235949,0,19.481228868550165,0.35,26.514031086325822,0.0,26.514031086325822
2024-01-28 15:00:00,327,31.135280281676703,0.17914917132175612,100.10617997236186,29.70795046746196,0.13757418647687586,25.0,hold,0.0,70.3982295048999,0,29.70795046746196,0.35,24.639380326714964,0.0,24.639380326714964
2024-01-28 16:00:00,328,31.00286922052502,0.035824846467385645,104.99153201503165,5.94398862908697,0.13757418647687586,25.0,hold,0.0,99.04754338594468,0,5.94398862908697,0.35,34.66664018508064,0.0,34.66664018508064
2024-01-28 17:00:00,329,29.824079115853106,0.04378970219069525,97.69418512548796,7.300602780695451,0.13757418647687586,25.0,hold,0.0,90.3935823447925,0,7.300602780695451,0.35,31.637753820677375,0.0,31.637753820677375
2024-01-28 18:00:00,330,29.9613696262852,0.0,110.68229880652045,0.0,0.13757418647687586,25.0,hold,0.0,110.68229880652045,0,0.0,0.35,38.73880458228216,0.0,38.73880458228216
2024-01-28 19:00:00,331,28.446504323912496,0.0,30.697696575575396,0.0,0.13757418647687586,25.0,hold,0.0,30.697696575575396,0,0.0,0.35,10.744193801451388,0.0,10.744193801451388
2024-01-28 20:00:00,332,28.63296241752797,0.0,28.91833185647172,0.0,0.13757418647687586,25.0,hold,0.0,28.91833185647172,0,0.0,0.35,10.121416149765102,0.0,10.121416149765102
2024-01-28 21:00:00,333,26.804763336222535,0.0,29.19964969664812,0.0,0.13757418647687586,25.0,hold,0.0,29.19964969664812,0,0.0,0.35,10.219877393826842,0.0,10.219877393826842
2024-01-28 22:00:00,334,25.503395362747018,0.0,31.380465768310543,0.0,0.13757418647687586,25.0,hold,0.0,31.380465768310543,0,0.0,0.35,10.983163018908689,0.0,10.983163018908689
2024-01-28 23:00:00,335,25.214218979339698,0.0,31.824124160551285,0.0,0.13757418647687586,25.0,hold,0.0,31.824124160551285,0,0.0,0.35,11.138443456192949,0.0,11.138443456192949
2024-01-29 00:00:00,336,24.46581508488424,0.0,148.1866645111673,0.0,0.13757418647687586,25.0,hold,0.0,148.1866645111673,0,0.0,0.45,66.68399903002529,0.0,66.68399903002529
2024-01-29 01:00:00,337,24.978777777505872,0.0,156.00540075638324,0.0,0.13757418647687586,25.0,hold,0.0,156.00540075638324,0,0.0,0.45,70.20243034037246,0.0,70.20243034037246
2024-01-29 02:00:00,338,24.21374445213829,0.0,142.78634819176696,0.0,0.13757418647687586,25.0,hold,0.0,142.78634819176696,0,0.0,0.45,64.25385668629514,0.0,64.25385668629514
2024-01-29 03:00:00,339,25.10454186143805,0.0,140.11905513798487,0.0,0.13757418647687586,25.0,hold,0.0,140.11905513798487,0,0.0,0.45,63.053574812093196,0.0,63.053574812093196
2024-01-29 04:00:00,340,26.101174096774955,0.0,145.96152511120215,0.0,0.13757418647687586,25.0,hold,0.0,145.96152511120215,0,0.0,0.45,65.68268630004097,0.0,65.68268630004097
2024-01-29 05:00:00,341,28.111112828931027,0.0,158.8402802921382,0.0,0.13757418647687586,25.0,hold,0.0,158.8402802921382,0,0.0,0.45,71.47812613146219,0.0,71.47812613146219
2024-01-29 06:00:00,342,31.58266247332865,0.0,155.9914898939672,0.0,0.13757418647687586,25.0,hold,0.0,155.9914898939672,0,0.0,0.45,70.19617045228524,0.0,70.19617045228524
2024-01-29 07:00:00,343,33.64108536569395,0.022736429021021118,550.6061731713366,3.7315950851980446,0.13757418647687586,25.0,hold,0.0,546.8745780861386,0,3.7315950851980446,0.45,246.0935601387624,0.0,246.0935601387624
2024-01-29 08:00:00,344,32.33617014762254,0.06977484605159813,572.9432680725109,11.513645331763772,0.13757418647687586,25.0,hold,0.0,561.4296227407472,0,11.513645331763772,0.45,252.64333023333623,0.0,252.64333023333623
2024-01-29 09:00:00,345,31.63239093332322,0.1454409661129212,524.3019772980184,24.069021724609456,0.13757418647687586,25.0,hold,0.0,500.23295557340896,0,24.069021724609456,0.45,225.10483000803404,0.0,225.10483000803404
2024-01-29 10:00:00,346,31.762808501170838,0.08033225348417831,545.671798253703,13.287058372499224,0.13757418647687586,25.0,hold,0.0,532.3847398812037,0,13.287058372499224,0.45,239.57313294654168,0.0,239.57313294654168
2024-01-29 11:00:00,347,33.27218939792852,0.22509234777061415,536.4024651173413,36.999534678712024,0.13757418647687586,25.0,hold,0.0,499.40293043862926,0,36.999534678712024,0.45,224.73131869738316,0.0,224.73131869738316
2024-01-29 12:00:00,348,33.0269874286032,0.2726765328967267,513.3106313078264,44.866646243330294,0.13757418647687586,25.0,hold,0.0,468.4439850644961,0,44.866646243330294,0.45,210.79979327902325,0.0,210.79979327902325
2024-01-29 13:00:00,349,34.0301992246063,0.0501760026509686,494.75942455976906,8.221812926506482,0.13757418647687586,25.0,hold,0.0,486.5376116332626,0,8.221812926506482,0.45,218.94192523496818,0.0,218.94192523496818
2024-01-29 14:00:00,350,33.176505674215335,0.11596564172573992,508.35596856643144,19.069387358618304,0.13757418647687586,25.0,hold,0.0,489.28658120781313,0,19.069387358618304,0.45,220.17896154351592,0.0,220.17896154351592
2024-01-29 15:00:00,351,31.87455622341399,0.11254504610113235,533.074677053964,18.606543709172012,0.13757418647687586,25.0,hold,0.0,514.468133344792,0,18.606543709172012,0.45,231.5106600051564,0.0,231.5106600051564
2024-01-29 16:00:00,352,30.114818604832678,0.08609593576402952,491.3725247077032,14.336860815933509,0.13757418647687586,25.0,hold,0.0,477.0356638917697,0,14.336860815933509,0.45,214.66604875129636,0.0,214.66604875129636
2024-01-29 17:00:00,353,29.31569775097838,0.06891171843898662,570.2165910774654,11.512758673795158,0.13757418647687586,25.0,hold,0.0,558.7038324036703,0,11.512758673795158,0.65,363.1574910623857,0.0,363.1574910623857
2024-01-29 18:00:00,354,28.678018408137,0.0,501.6141240332046,0.0,0.13757418647687586,25.0,hold,0.0,501.6141240332046,0,0.0,0.85,426.3720054282239,0.0,426.3720054282239
2024-01-29 19:00:00,355,29.174866335738287,0.0,132.76108687902936,0.0,0.13757418647687586,25.0,hold,0.0,132.76108687902936,0,0.0,0.85,112.84692384717495,0.0,112.84692384717495
2024-01-29 20:00:00,356,25.106279546310347,0.0,150.34749433546656,0.0,0.13757418647687586,25.0,hold,0.0,150.34749433546656,0,0.0,0.85,127.79537018514658,0.0,127.79537018514658
2024-01-29 21:00:00,357,26.215027823720764,0.0,150.04647664325296,0.0,0.13757418647687586,25.0,hold,0.0,150.04647664325296,0,0.0,0.65,97.53020981811443,0.0,97.53020981811443
2024-01-29 22:00:00,358,26.999301381173037,0.0,165.62217893344638,0.0,0.13757418647687586,25.0,hold,0.0,165.62217893344638,0,0.0,0.45,74.52998052005087,0.0,74.52998052005087
2024-01-29 23:00:00,359,27.373433448810257,0.0,147.4189784961578,0.0,0.13757418647687586,25.0,hold,0.0,147.4189784961578,0,0.0,0.45,66.338540323271,0.0,66.338540323271
2024-01-30 00:00:00,360,24.532447133702,0.0,137.90684312552028,0.0,0.13757418647687586,25.0,hold,0.0,137.90684312552028,0,0.0,0.45,62.058079406484126,0.0,62.058079406484126
2024-01-30 01:00:00,361,26.019958666553006,0.0,153.66300988857964,0.0,0.13757418647687586,25.0,hold,0.0,153.66300988857964,0,0.0,0.45,69.14835444986083,0.0,69.14835444986083
2024-01-30 02:00:00,362,27.940162104368326,0.0,163.38926050589774,0.0,0.13757418647687586,25.0,hold,0.0,163.38926050589774,0,0.0,0.45,73.52516722765398,0.0,73.52516722765398
2024-01-30 03:00:00,363,26.943673473536425,0.0,140.99380458555225,0.0,0.13757418647687586,25.0,hold,0.0,140.99380458555225,0,0.0,0.45,63.44721206349852,0.0,63.44721206349852
2024-01-30 04:00:00,364,26.66457057894036,0.0,156.754450648965,0.0,0.13757418647687586,25.0,hold,0.0,156.754450648965,0,0.0,0.45,70.53950279203424,0.0,70.53950279203424
2024-01-30 05:00:00,365,27.057164553219316,0.0,142.31657223321824,0.0,0.13757418647687586,25.0,hold,0.0,142.31657223321824,0,0.0,0.45,64.0424575049482,0.0,64.0424575049482
2024-01-30 06:00:00,366,29.194179836204004,0.0,143.44659146382114,0.0,0.13757418647687586,25.0,hold,0.0,143.44659146382114,0,0.0,0.45,64.55096615871952,0.0,64.55096615871952
2024-01-30 07:00:00,367,29.678378847598985,0.03928588959548913,543.8773995505993,6.5536211243061535,0.13757418647687586,25.0,hold,0.0,537.3237784262932,0,6.5536211243061535,0.45,241.79570029183193,0.0,241.79570029183193
2024-01-30 08:00:00,368,32.81264149644631,0.12064053245219684,617.1238464375433,19.867976080480666,0.13757418647687586,25.0,hold,0.0,597.2558703570627,0,19.867976080480666,0.45,268.76514166067824,0.0,268.76514166067824
2024-01-30 09:00:00,369,31.392673447486775,0.10198646048192118,529.1636429270268,16.894361308136965,0.13757418647687586,25.0,hold,0.0,512.2692816188899,0,16.894361308136965,0.45,230.52117672850045,0.0,230.52117672850045
2024-01-30 10:00:00,370,32.64608957220993,0.04285137985348785,502.8232403101156,7.0619356428091935,0.13757418647687586,25.0,hold,0.0,495.7613046673064,0,7.0619356428091935,0.45,223.0925871002879,0.0,223.0925871002879
2024-01-30 11:00:00,371,33.530944207421115,0.17067996018896395,509.7445192261129,28.02547160408997,0.13757418647687586,25.0,hold,0.0,481.71904762202297,0,28.02547160408997,0.45,216.77357142991033,0.0,216.77357142991033
2024-01-30 12:00:00,372,32.29207196095764,0.1219801352367464,523.1292086955617,20.131771201958372,0.13757418647687586,25.0,hold,0.0,502.99743749360334,0,20.131771201958372,0.45,226.3488468721215,0.0,226.3488468721215
2024-01-30 13:00:00,373,31.85986407120166,0.1484646378376218,511.71470523341736,24.546444312632243,0.13757418647687586,25.0,hold,0.0,487.16826092078514,0,24.546444312632243,0.45,219.2257174143533,0.0,219.2257174143533
2024-01-30 14:00:00,374,33.77498345037171,0.11159812815461594,513.4141145450538,18.305777011483244,0.13757418647687586,25.0,hold,0.0,495.1083375335706,0,18.305777011483244,0.45,222.79875189010676,0.0,222.79875189010676
2024-01-30 15:00:00,375,32.32618662464743,0.04002661727706373,477.0239662702211,6.605120058775762,0.13757418647687586,25.0,hold,0.0,470.4188462114453,0,6.605120058775762,0.45,211.6884807951504,0.0,211.6884807951504
2024-01-30 16:00:00,376,34.043740498938924,0.04774078234487398,506.6581365140888,7.822339430843089,0.13757418647687586,25.0,hold,0.0,498.8357970832457,0,7.822339430843089,0.45,224.47610868746057,0.0,224.47610868746057
2024-01-30 17:00:00,377,30.7351736949847,0.04563861220232682,497.9750963974439,7.580577224034252,0.13757418647687586,25.0,hold,0.0,490.39451917340966,0,7.580577224034252,0.65,318.7564374627163,0.0,318.7564374627163
2024-01-30 18:00:00,378,30.109178880579215,0.0,512.2163915162106,0.0,0.13757418647687586,25.0,hold,0.0,512.2163915162106,0,0.0,0.85,435.38393278877896,0.0,435.38393278877896
2024-01-30 19:00:00,379,26.94126096875129,0.0,160.41886074427737,0.0,0.13757418647687586,25.0,hold,0.0,160.41886074427737,0,0.0,0.85,136.35603163263576,0.0,136.35603163263576
2024-01-30 20:00:00,380,29.64703762523797,0.0,147.3807772528069,0.0,0.13757418647687586,25.0,hold,0.0,147.3807772528069,0,0.0,0.85,125.27366066488585,0.0,125.27366066488585
2024-01-30 21:00:00,381,26.856531420511722,0.0,148.06264997641392,0.0,0.13757418647687586,25.0,hold,0.0,148.06264997641392,0,0.0,0.65,96.24072248466905,0.0,96.24072248466905
2024-01-30 22:00:00,382,26.84296663552715,0.0,158.6664979359176,0.0,0.13757418647687586,25.0,hold,0.0,158.6664979359176,0,0.0,0.45,71.39992407116291,0.0,71.39992407116291
2024-01-30 23:00:00,383,27.197615080953568,0.0,153.55590167278777,0.0,0.13757418647687586,25.0,hold,0.0,153.55590167278777,0,0.0,0.45,69.1001557527545,0.0,69.1001557527545
2024-01-31 00:00:00,384,25.400533744581914,0.0,147.3624760097883,0.0,0.13757418647687586,25.0,hold,0.0,147.3624760097883,0,0.0,0.45,66.31311420440474,0.0,66.31311420440474
2024-01-31 01:00:00,385,27.226945694288684,0.0,134.29308500715283,0.0,0.13757418647687586,25.0,hold,0.0,134.29308500715283,0,0.0,0.45,60.43188825321877,0.0,60.43188825321877
2024-01-31 02:00:00,386,26.987433539162772,0.0,150.44720343616657,0.0,0.13757418647687586,25.0,hold,0.0,150.44720343616657,0,0.0,0.45,67.70124154627496,0.0,67.70124154627496
2024-01-31 03:00:00,387,26.32550271368862,0.0,150.73521069220527,0.0,0.13757418647687586,25.0,hold,0.0,150.73521069220527,0,0.0,0.45,67.83084481149237,0.0,67.83084481149237
2024-01-31 04:00:00,388,28.20140270743385,0.0,136.167777884772,0.0,0.13757418647687586,25.0,hold,0.0,136.167777884772,0,0.0,0.45,61.2755000481474,0.0,61.2755000481474
2024-01-31 05:00:00,389,27.18184973508467,0.0,145.5675965685248,0.0,0.13757418647687586,25.0,hold,0.0,145.5675965685248,0,0.0,0.45,65.50541845583616,0.0,65.50541845583616
2024-01-31 06:00:00,390,27.557098285299922,0.0,143.75122137529291,0.0,0.13757418647687586,25.0,hold,0.0,143.75122137529291,0,0.0,0.45,64.68804961888182,0.0,64.68804961888182
2024-01-31 07:00:00,391,30.58288651584345,0.06738565243373086,558.5301498209641,11.199740527507405,0.13757418647687586,25.0,hold,0.0,547.3304092934567,0,11.199740527507405,0.45,246.29868418205552,0.0,246.29868418205552
2024-01-31 08:00:00,392,30.21595978883399,0.07670568950590033,596.5148591204319,12.767903437417514,0.13757418647687586,25.0,hold,0.0,583.7469556830143,0,12.767903437417514,0.45,262.6861300573565,0.0,262.6861300573565
2024-01-31 09:00:00,393,31.18379229488866,0.0868623309524749,507.5363053070619,14.401342005175946,0.13757418647687586,25.0,hold,0.0,493.134963301886,0,14.401342005175946,0.45,221.9107334858487,0.0,221.9107334858487
2024-01-31 10:00:00,394,33.097287066658225,0.1513934879724372,509.0424638516607,24.903296913462192,0.13757418647687586,25.0,hold,0.0,484.1391669381985,0,24.903296913462192,0.45,217.86262512218934,0.0,217.86262512218934
2024-01-31 11:00:00,395,31.64892610094476,0.08228199385559518,492.7977719490447,13.615919865773895,0.13757418647687586,25.0,hold,0.0,479.1818520832708,0,13.615919865773895,0.45,215.63183343747187,0.0,215.63183343747187
2024-01-31 12:00:00,396,34.87460971352546,0.06483113836873734,481.0164372317077,10.585969634386451,0.13757418647687586,25.0,hold,0.0,470.43046759732124,0,10.585969634386451,0.45,211.69371041879455,0.0,211.69371041879455
2024-01-31 13:00:00,397,33.34744296975312,0.20580593070402783,461.84950347815476,33.818799996500324,0.13757418647687586,25.0,hold,0.0,428.0307034816544,0,33.818799996500324,0.45,192.6138165667445,0.0,192.6138165667445
2024-01-31 14:00:00,398,32.54393744328931,0.1407830261898584,560.5799303892793,23.210914779271718,0.13757418647687586,25.0,hold,0.0,537.3690156100076,0,23.210914779271718,0.45,241.81605702450344,0.0,241.81605702450344
2024-01-31 15:00:00,399,31.44539796240549,0.08429897362176919,524.1709577175269,13.96135402138682,0.13757418647687586,25.0,hold,0.0,510.2096036961401,0,13.96135402138682,0.45,229.59432166326306,0.0,229.59432166326306
2024-01-31 16:00:00,400,32.40166967207536,0.03342229127100255,488.2818693778594,5.513570599493576,0.13757418647687586,25.0,hold,0.0,482.7682987783658,0,5.513570599493576,0.45,217.24573445026462,0.0,217.24573445026462
2024-01-31 17:00:00,401,29.648715339672,0.037549572273743594,513.2100636806147,6.26472834115,0.13757418647687586,25.0,hold,0.0,506.9453353394647,0,6.26472834115,0.65,329.51446797065205,0.0,329.51446797065205
2024-01-31 18:00:00,402,29.38112953903156,0.0,541.4065907461923,0.0,0.13757418647687586,25.0,hold,0.0,541.4065907461923,0,0.0,0.85,460.1956021342634,0.0,460.1956021342634
2024-01-31 19:00:00,403,28.68283450419715,0.0,153.00566422917717,0.0,0.13757418647687586,25.0,hold,0.0,153.00566422917717,0,0.0,0.85,130.0548145948006,0.0,130.0548145948006
2024-01-31 20:00:00,404,27.266857626440967,0.0,153.2363186488984,0.0,0.13757418647687586,25.0,hold,0.0,153.2363186488984,0,0.0,0.85,130.25087085156363,0.0,130.25087085156363
2024-01-31 21:00:00,405,27.43109311579473,0.0,149.75350519424634,0.0,0.13757418647687586,25.0,hold,0.0,149.75350519424634,0,0.0,0.65,97.33977837626013,0.0,97.33977837626013
2024-01-31 22:00:00,406,25.94495042680165,0.0,157.7330481252635,0.0,0.13757418647687586,25.0,hold,0.0,157.7330481252635,0,0.0,0.45,70.97987165636859,0.0,70.97987165636859
2024-01-31 23:00:00,407,25.911779233384994,0.0,161.24294382666426,0.0,0.13757418647687586,25.0,hold,0.0,161.24294382666426,0,0.0,0.45,72.55932472199892,0.0,72.55932472199892
2024-02-01 00:00:00,408,26.4738420943773,0.0,178.12782076788076,0.0,0.13757418647687586,25.0,hold,0.0,178.12782076788076,0,0.0,0.45,80.15751934554635,0.0,80.15751934554635
2024-02-01 01:00:00,409,28.34991787631231,0.0,177.57991387102865,0.0,0.13757418647687586,25.0,hold,0.0,177.57991387102865,0,0.0,0.45,79.9109612419629,0.0,79.9109612419629
2024-02-01 02:00:00,410,25.524547277734218,0.0,176.2238787115354,0.0,0.13757418647687586,25.0,hold,0.0,176.2238787115354,0,0.0,0.45,79.30074542019094,0.0,79.30074542019094
2024-02-01 03:00:00,411,25.708316784653302,0.0,176.43834767007425,0.0,0.13757418647687586,25.0,hold,0.0,176.43834767007425,0,0.0,0.45,79.39725645153341,0.0,79.39725645153341
2024-02-01 04:00:00,412,26.585051972875412,0.0,169.6710032876088,0.0,0.13757418647687586,25.0,hold,0.0,169.6710032876088,0,0.0,0.45,76.35195147942397,0.0,76.35195147942397
2024-02-01 05:00:00,413,28.778890283661287,0.0,153.4010045553794,0.0,0.13757418647687586,25.0,hold,0.0,153.4010045553794,0,0.0,0.45,69.03045204992073,0.0,69.03045204992073
2024-02-01 06:00:00,414,29.068767188840805,0.0,168.58172504151617,0.0,0.13757418647687586,25.0,hold,0.0,168.58172504151617,0,0.0,0.45,75.86177626868228,0.0,75.86177626868228
2024-02-01 07:00:00,415,30.22239198217993,0.02003927633114803,606.0028889482621,3.335512966187642,0.13757418647687586,25.0,hold,0.0,602.6673759820745,0,3.335512966187642,0.45,271.20031919193354,0.0,271.20031919193354
2024-02-01 08:00:00,416,30.519850492589534,0.04302984407587865,603.9240373443178,7.153561044806934,0.13757418647687586,25.0,hold,0.0,596.7704762995108,0,7.153561044806934,0.45,268.5467143347799,0.0,268.5467143347799
2024-02-01 09:00:00,417,33.52607011530411,0.060983545889368586,569.4597442415514,10.013636809262477,0.13757418647687586,25.0,hold,0.0,559.446107432289,0,10.013636809262477,0.45,251.75074834453002,0.0,251.75074834453002
2024-02-01 10:00:00,418,32.266847134033654,0.0803454195582646,512.4656810318171,13.261697965247182,0.13757418647687586,25.0,hold,0.0,499.2039830665699,0,13.261697965247182,0.45,224.64179237995646,0.0,224.64179237995646
2024-02-01 11:00:00,419,31.8103379937016,0.11118983897190894,551.5587538159494,18.38734916351703,0.13757418647687586,25.0,hold,0.0,533.1714046524324,0,18.38734916351703,0.45,239.9271320935946,0.0,239.9271320935946
2024-02-01 12:00:00,420,33.148034346802696,0.12110050582221972,547.132440568892,19.916108854796207,0.13757418647687586,25.0,hold,0.0,527.2163317140958,0,19.916108854796207,0.45,237.2473492713431,0.0,237.2473492713431
2024-02-01 13:00:00,421,32.36924081601496,0.12141647039700881,578.6066856780137,20.032371865108946,0.13757418647687586,25.0,hold,0.0,558.5743138129047,0,20.032371865108946,0.45,251.35844121580715,0.0,251.35844121580715
2024-02-01 14:00:00,422,31.55065035010465,0.14492888714041643,606.4306669557864,23.992333457475873,0.13757418647687586,25.0,hold,0.0,582.4383334983105,0,23.992333457475873,0.45,262.09725007423975,0.0,262.09725007423975
2024-02-01 15:00:00,423,30.652804241877096,0.08805746162157883,567.503052987048,14.631283792711697,0.13757418647687586,25.0,hold,0.0,552.8717691943364,0,14.631283792711697,0.45,248.79229613745136,0.0,248.79229613745136
2024-02-01 16:00:00,424,32.44452666768632,0.06278456917561706,552.722766228845,10.355543808162887,0.13757418647687586,25.0,hold,0.0,542.3672224206821,0,10.355543808162887,0.45,244.06525008930694,0.0,244.06525008930694
2024-02-01 17:00:00,425,28.737497823045214,0.026883719597186332,653.0166835463685,4.501907397962184,0.13757418647687586,25.0,hold,0.0,648.5147761484063,0,4.501907397962184,0.65,421.5346044964641,0.0,421.5346044964641
2024-02-01 18:00:00,426,30.242941382527626,0.0,610.2494618838167,0.0,0.13757418647687586,25.0,hold,0.0,610.2494618838167,0,0.0,0.85,518.7120426012442,0.0,518.7120426012442
2024-02-01 19:00:00,427,28.08708367016158,0.0,163.0152462445256,0.0,0.13757418647687586,25.0,hold,0.0,163.0152462445256,0,0.0,0.85,138.56295930784677,0.0,138.56295930784677
2024-02-01 20:00:00,428,29.196435061807573,0.0,154.11169407889233,0.0,0.13757418647687586,25.0,hold,0.0,154.11169407889233,0,0.0,0.85,130.99493996705849,0.0,130.99493996705849
2024-02-01 21:00:00,429,28.014301864085088,0.0,157.27388887950227,0.0,0.13757418647687586,25.0,hold,0.0,157.27388887950227,0,0.0,0.65,102.22802777167648,0.0,102.22802777167648
2024-02-01 22:00:00,430,25.915798303861038,0.0,171.12474128001634,0.0,0.13757418647687586,25.0,hold,0.0,171.12474128001634,0,0.0,0.45,77.00613357600736,0.0,77.00613357600736
2024-02-01 23:00:00,431,26.416187431803277,0.0,172.98378392654513,0.0,0.13757418647687586,25.0,hold,0.0,172.98378392654513,0,0.0,0.45,77.84270276694531,0.0,77.84270276694531
2024-02-02 00:00:00,432,25.9596664059001,0.0,168.09306353855612,0.0,0.13757418647687586,25.0,hold,0.0,168.09306353855612,0,0.0,0.45,75.64187859235025,0.0,75.64187859235025
2024-02-02 01:00:00,433,25.488223178029727,0.0,169.61204534696563,0.0,0.13757418647687586,25.0,hold,0.0,169.61204534696563,0,0.0,0.45,76.32542040613454,0.0,76.32542040613454
2024-02-02 02:00:00,434,27.39170480690446,0.0,171.0911179086656,0.0,0.13757418647687586,25.0,hold,0.0,171.0911179086656,0,0.0,0.45,76.99100305889952,0.0,76.99100305889952
2024-02-02 03:00:00,435,26.172146511321895,0.0,168.9316210922224,0.0,0.13757418647687586,25.0,hold,0.0,168.9316210922224,0,0.0,0.45,76.01922949150008,0.0,76.01922949150008
2024-02-02 04:00:00,436,26.581627864220717,0.0,190.95855426607423,0.0,0.13757418647687586,25.0,hold,0.0,190.95855426607423,0,0.0,0.45,85.93134941973341,0.0,85.93134941973341
2024-02-02 05:00:00,437,27.552433505630123,0.0,169.89612899375848,0.0,0.13757418647687586,25.0,hold,0.0,169.89612899375848,0,0.0,0.45,76.45325804719131,0.0,76.45325804719131
2024-02-02 06:00:00,438,30.168896793934532,0.0,170.71856465338425,0.0,0.13757418647687586,25.0,hold,0.0,170.71856465338425,0,0.0,0.45,76.82335409402292,0.0,76.82335409402292
2024-02-02 07:00:00,439,29.274794874194978,0.005494645097926184,624.1511573807313,0.9181174997713593,0.13757418647687586,25.0,hold,0.0,623.23303988096,0,0.9181174997713593,0.45,280.454867946432,0.0,280.454867946432
2024-02-02 08:00:00,440,29.799239827376184,0.06811795755688747,604.3914296526026,11.357750982561628,0.13757418647687586,25.0,hold,0.0,593.033678670041,0,11.357750982561628,0.45,266.86515540151845,0.0,266.86515540151845
2024-02-02 09:00:00,441,31.357040764506287,0.06396817869374571,606.1163219505452,10.598069520617365,0.13757418647687586,25.0,hold,0.0,595.5182524299278,0,10.598069520617365,0.45,267.9832135934675,0.0,267.9832135934675
2024-02-02 10:00:00,442,32.96889387142083,0.15093776184340593,584.2272046575135,24.84151074976148,0.13757418647687586,25.0,hold,0.0,559.385693907752,0,24.84151074976148,0.45,251.72356225848844,0.0,251.72356225848844
2024-02-02 11:00:00,443,33.11042637280358,0.16940874396134364,561.4997799081887,27.865182014959245,0.13757418647687586,25.0,hold,0.0,533.6345978932294,0,27.865182014959245,0.45,240.13556905195324,0.0,240.13556905195324
2024-02-02 12:00:00,444,34.0379228495647,0.13317544671143233,559.426198823779,21.821357940216213,0.13757418647687586,25.0,hold,0.0,537.6048408835628,0,21.821357940216213,0.45,241.92217839760326,0.0,241.92217839760326
2024-02-02 13:00:00,445,33.60128881928694,0.1043769937355067,574.4054694434273,17.133600799974705,0.13757418647687586,25.0,hold,0.0,557.2718686434525,0,17.133600799974705,0.45,250.77234088955365,0.0,250.77234088955365
2024-02-02 14:00:00,446,33.53107842485826,0.08186643029679783,566.4320040721271,13.442375073142514,0.13757418647687586,25.0,hold,0.0,552.9896289989846,0,13.442375073142514,0.45,248.84533304954306,0.0,248.84533304954306
2024-02-02 15:00:00,447,31.898004257869967,0.12145292303820021,538.1449757754465,20.07730462592522,0.13757418647687586,25.0,hold,0.0,518.0676711495213,0,20.07730462592522,0.45,233.1304520172846,0.0,233.1304520172846
2024-02-02 16:00:00,448,31.588310321328823,0.044896622878192516,620.7539401794087,7.43128672823991,0.13757418647687586,25.0,hold,0.0,613.3226534511688,0,7.43128672823991,0.45,275.99519405302595,0.0,275.99519405302595
2024-02-02 17:00:00,449,30.564075938886667,0.03835495289996561,631.3665543547452,6.3752232810080285,0.13757418647687586,25.0,hold,0.0,624.9913310737371,0,6.3752232810080285,0.65,406.24436519792914,0.0,406.24436519792914
2024-02-02 18:00:00,450,29.61115295032289,0.0,668.988118538323,0.0,0.13757418647687586,25.0,hold,0.0,668.988118538323,0,0.0,0.85,568.6399007575745,0.0,568.6399007575745
2024-02-02 19:00:00,451,28.058948515789893,0.0,162.70482397475465,0.0,0.13757418647687586,25.0,hold,0.0,162.70482397475465,0,0.0,0.85,138.29910037854145,0.0,138.29910037854145
2024-02-02 20:00:00,452,27.295849011240414,0.0,168.70847095921357,0.0,0.13757418647687586,25.0,hold,0.0,168.70847095921357,0,0.0,0.85,143.40220031533153,0.0,143.40220031533153
2024-02-02 21:00:00,453,27.52964280442692,0.0,167.67631453698615,0.0,0.13757418647687586,25.0,hold,0.0,167.67631453698615,0,0.0,0.65,108.98960444904101,0.0,108.98960444904101
2024-02-02 22:00:00,454,26.028925445071078,0.0,164.83221337157423,0.0,0.13757418647687586,25.0,hold,0.0,164.83221337157423,0,0.0,0.45,74.1744960172084,0.0,74.1744960172084
2024-02-02 23:00:00,455,26.675856723577162,0.0,161.71676671710236,0.0,0.13757418647687586,25.0,hold,0.0,161.71676671710236,0,0.0,0.45,72.77254502269606,0.0,72.77254502269606
2024-02-03 00:00:00,456,23.941071324031306,0.0,31.70683517785701,0.0,0.13757418647687586,25.0,hold,0.0,31.70683517785701,0,0.0,0.35,11.097392312249953,0.0,11.097392312249953
2024-02-03 01:00:00,457,26.25320358706512,0.0,32.71164344190474,0.0,0.13757418647687586,25.0,hold,0.0,32.71164344190474,0,0.0,0.35,11.44907520466666,0.0,11.44907520466666
2024-02-03 02:00:00,458,24.822252669572595,0.0,33.47048790404011,0.0,0.13757418647687586,25.0,hold,0.0,33.47048790404011,0,0.0,0.35,11.714670766414038,0.0,11.714670766414038
2024-02-03 03:00:00,459,28.230624205319828,0.0,32.942892438638935,0.0,0.13757418647687586,25.0,hold,0.0,32.942892438638935,0,0.0,0.35,11.530012353523627,0.0,11.530012353523627
2024-02-03 04:00:00,460,29.212716976801406,0.0,32.988435759951415,0.0,0.13757418647687586,25.0,hold,0.0,32.988435759951415,0,0.0,0.35,11.545952515982995,0.0,11.545952515982995
2024-02-03 05:00:00,461,28.98994487239606,0.0,33.64703543559335,0.0,0.13757418647687586,25.0,hold,0.0,33.64703543559335,0,0.0,0.35,11.776462402457673,0.0,11.776462402457673
2024-02-03 06:00:00,462,27.979352899048735,0.0,33.405091010079694,0.0,0.13757418647687586,25.0,hold,0.0,33.405091010079694,0,0.0,0.35,11.691781853527893,0.0,11.691781853527893
2024-02-03 07:00:00,463,29.98503141802273,0.0488639816931869,130.64395462051232,8.141236718755621,0.13757418647687586,25.0,hold,0.0,122.5027179017567,0,8.141236718755621,0.35,42.875951265614844,0.0,42.875951265614844
2024-02-03 08:00:00,464,30.156837732565762,0.07866391495277437,115.42579627995015,13.097018751494174,0.13757418647687586,25.0,hold,0.0,102.32877752845597,0,13.097018751494174,0.35,35.815072134959586,0.0,35.815072134959586
2024-02-03 09:00:00,465,31.603339906539205,0.08271978737700887,125.78170873627445,13.690929580419521,0.13757418647687586,25.0,hold,0.0,112.09077915585493,0,13.690929580419521,0.35,39.23177270454922,0.0,39.23177270454922
2024-02-03 10:00:00,466,34.45376684105739,0.03596859920776516,105.47125291891778,5.883435514973514,0.13757418647687586,25.0,hold,0.0,99.58781740394427,0,5.883435514973514,0.35,34.85573609138049,0.0,34.85573609138049
2024-02-03 11:00:00,467,31.907544889903914,0.11977065302220817,114.66011494541233,19.798432623449465,0.13757418647687586,25.0,hold,0.0,94.86168232196286,0,19.798432623449465,0.35,33.201588812687,0.0,33.201588812687
2024-02-03 12:00:00,468,35.24064908546528,0.07737701785572552,124.11965344314486,12.61526723221796,0.13757418647687586,25.0,hold,0.0,111.5043862109269,0,12.61526723221796,0.35,39.02653517382441,0.0,39.02653517382441
2024-02-03 13:00:00,469,32.59807527338439,0.10097368309789928,118.36293606199521,16.643826288172964,0.13757418647687586,25.0,hold,0.0,101.71910977382225,0,16.643826288172964,0.35,35.60168842083779,0.0,35.60168842083779
2024-02-03 14:00:00,470,31.9680696418685,0.085954060713954,116.5734012823344,14.204915282253948,0.13757418647687586,25.0,hold,0.0,102.36848600008045,0,14.204915282253948,0.35,35.82897010002816,0.0,35.82897010002816
2024-02-03 15:00:00,471,32.9305177733714,0.08399348583742584,118.44448426642262,13.825936546411231,0.13757418647687586,25.0,hold,0.0,104.61854772001139,0,13.825936546411231,0.35,36.616491702003984,0.0,36.616491702003984
2024-02-03 16:00:00,472,30.183139515558103,0.030092043667577163,113.05903675732795,5.009586966254741,0.13757418647687586,25.0,hold,0.0,108.0494497910732,0,5.009586966254741,0.35,37.817307426875615,0.0,37.817307426875615
2024-02-03 17:00:00,473,30.901741545848495,0.033493822643989764,124.96947314081557,5.559532967931686,0.13757418647687586,25.0,hold,0.0,119.40994017288388,0,5.559532967931686,0.35,41.793479060509355,0.0,41.793479060509355
2024-02-03 18:00:00,474,28.49741650794934,0.0,129.47438158117373,0.0,0.13757418647687586,25.0,hold,0.0,129.47438158117373,0,0.0,0.35,45.316033553410804,0.0,45.316033553410804
2024-02-03 19:00:00,475,29.049924330021778,0.0,33.273807472549755,0.0,0.13757418647687586,25.0,hold,0.0,33.273807472549755,0,0.0,0.35,11.645832615392413,0.0,11.645832615392413
2024-02-03 20:00:00,476,27.398339016259214,0.0,33.39545793766557,0.0,0.13757418647687586,25.0,hold,0.0,33.39545793766557,0,0.0,0.35,11.688410278182948,0.0,11.688410278182948
2024-02-03 21:00:00,477,24.421009761462116,0.0,32.88923241915492,0.0,0.13757418647687586,25.0,hold,0.0,32.88923241915492,0,0.0,0.35,11.511231346704221,0.0,11.511231346704221
2024-02-03 22:00:00,478,25.63459181027653,0.0,31.743211509989262,0.0,0.13757418647687586,25.0,hold,0.0,31.743211509989262,0,0.0,0.35,11.11012402849624,0.0,11.11012402849624
2024-02-03 23:00:00,479,26.911876805258082,0.0,33.93310495144794,0.0,0.13757418647687586,25.0,hold,0.0,33.93310495144794,0,0.0,0.35,11.876586733006777,0.0,11.876586733006777
2024-02-04 00:00:00,480,25.566223184465294,0.0,35.34504133737697,0.0,0.13757418647687586,25.0,hold,0.0,35.34504133737697,0,0.0,0.35,12.370764468081939,0.0,12.370764468081939
2024-02-04 01:00:00,481,26.799609978666787,0.0,31.93768436359186,0.0,0.13757418647687586,25.0,hold,0.0,31.93768436359186,0,0.0,0.35,11.17818952725715,0.0,11.17818952725715
2024-02-04 02:00:00,482,26.570055755220203,0.0,34.371337469134076,0.0,0.13757418647687586,25.0,hold,0.0,34.371337469134076,0,0.0,0.35,12.029968114196926,0.0,12.029968114196926
2024-02-04 03:00:00,483,26.608183350224966,0.0,36.887195556878865,0.0,0.13757418647687586,25.0,hold,0.0,36.887195556878865,0,0.0,0.35,12.910518444907602,0.0,12.910518444907602
2024-02-04 04:00:00,484,28.199805518419396,0.0,32.44958463051037,0.0,0.13757418647687586,25.0,hold,0.0,32.44958463051037,0,0.0,0.35,11.35735462067863,0.0,11.35735462067863
2024-02-04 05:00:00,485,28.93416936377042,0.0,31.779013035348232,0.0,0.13757418647687586,25.0,hold,0.0,31.779013035348232,0,0.0,0.35,11.122654562371881,0.0,11.122654562371881
2024-02-04 06:00:00,486,28.15646453645305,0.0,35.40419248402593,0.0,0.13757418647687586,25.0,hold,0.0,35.40419248402593,0,0.0,0.35,12.391467369409074,0.0,12.391467369409074
2024-02-04 07:00:00,487,29.753894400085596,0.037887892224147846,122.38190766240103,6.3184634518058465,0.13757418647687586,25.0,hold,0.0,116.0634442105952,0,6.3184634518058465,0.35,40.62220547370831,0.0,40.62220547370831
2024-02-04 08:00:00,488,32.110615129647,0.08872184623336737,121.78179469065962,14.653724366205559,0.13757418647687586,25.0,hold,0.0,107.12807032445406,0,14.653724366205559,0.35,37.49482461355892,0.0,37.49482461355892
2024-02-04 09:00:00,489,31.51214537057993,0.019985276369489997,126.03378976063225,3.3089970058205522,0.13757418647687586,25.0,hold,0.0,122.72479275481169,0,3.3089970058205522,0.35,42.95367746418409,0.0,42.95367746418409
2024-02-04 10:00:00,490,33.212483086453176,0.07744714902141768,117.97495175869285,12.733512620666968,0.13757418647687586,25.0,hold,0.0,105.24143913802588,0,12.733512620666968,0.35,36.83450369830906,0.0,36.83450369830906
2024-02-04 11:00:00,491,31.381613686264924,0.07454277390957789,116.2815383450082,12.348793398016653,0.13757418647687586,25.0,hold,0.0,103.93274494699155,0,12.348793398016653,0.35,36.37646073144704,0.0,36.37646073144704
2024-02-04 12:00:00,492,32.8311911304292,0.041302693725436976,108.1947573126161,6.801512416963762,0.13757418647687586,25.0,hold,0.0,101.39324489565234,0,6.801512416963762,0.35,35.48763571347832,0.0,35.48763571347832
2024-02-04 13:00:00,493,32.1262483490902,0.12775929806869035,118.9051216259328,21.09997842055617,0.13757418647687586,25.0,hold,0.0,97.80514320537662,0,21.09997842055617,0.35,34.23180012188182,0.0,34.23180012188182
2024-02-04 14:00:00,494,32.98013178778585,0.15530022241606553,116.82430735144487,25.558302766475336,0.13757418647687586,25.0,hold,0.0,91.26600458496954,0,25.558302766475336,0.35,31.943101604739336,0.0,31.943101604739336
2024-02-04 15:00:00,495,31.299658825744455,0.07784394236388979,113.08730799107951,12.900004812451739,0.13757418647687586,25.0,hold,0.0,100.18730317862777,0,12.900004812451739,0.35,35.065556112519715,0.0,35.065556112519715
2024-02-04 16:00:00,496,30.922909849868795,0.0554671296650805,122.56157600514311,9.206013813190351,0.13757418647687586,25.0,hold,0.0,113.35556219195276,0,9.206013813190351,0.35,39.67444676718346,0.0,39.67444676718346
2024-02-04 17:00:00,497,31.352684057624447,0.02072040872825716,121.75073392567467,3.4329609408708035,0.13757418647687586,25.0,hold,0.0,118.31777298480387,0,3.4329609408708035,0.35,41.41122054468135,0.0,41.41122054468135
2024-02-04 18:00:00,498,27.611291956682265,0.0,131.59738621374566,0.0,0.13757418647687586,25.0,hold,0.0,131.59738621374566,0,0.0,0.35,46.05908517481098,0.0,46.05908517481098
2024-02-04 19:00:00,499,29.282912062420387,0.0,33.31749622225782,0.0,0.13757418647687586,25.0,hold,0.0,33.31749622225782,0,0.0,0.35,11.661123677790238,0.0,11.661123677790238
2024-02-04 20:00:00,500,27.77466760631346,0.0,31.608472872710756,0.0,0.13757418647687586,25.0,hold,0.0,31.608472872710756,0,0.0,0.35,11.062965505448764,0.0,11.062965505448764
2024-02-04 21:00:00,501,25.213101036372805,0.0,31.488544972655642,0.0,0.13757418647687586,25.0,hold,0.0,31.488544972655642,0,0.0,0.35,11.020990740429474,0.0,11.020990740429474
2024-02-04 22:00:00,502,25.968784778411166,0.0,32.94753041358662,0.0,0.13757418647687586,25.0,hold,0.0,32.94753041358662,0,0.0,0.35,11.531635644755315,0.0,11.531635644755315
2024-02-04 23:00:00,503,26.041120108401373,0.0,33.867893009583625,0.0,0.13757418647687586,25.0,hold,0.0,33.867893009583625,0,0.0,0.35,11.853762553354269,0.0,11.853762553354269
2024-02-05 00:00:00,504,26.57194636573254,0.0,158.696773209633,0.0,0.13757418647687586,25.0,hold,0.0,158.696773209633,0,0.0,0.45,71.41354794433485,0.0,71.41354794433485
2024-02-05 01:00:00,505,26.678847983990423,0.0,161.02779317948634,0.0,0.13757418647687586,25.0,hold,0.0,161.02779317948634,0,0.0,0.45,72.46250693076885,0.0,72.46250693076885
2024-02-05 02:00:00,506,26.036220531615417,0.0,173.0564665000903,0.0,0.13757418647687586,25.0,hold,0.0,173.0564665000903,0,0.0,0.45,77.87540992504063,0.0,77.87540992504063
2024-02-05 03:00:00,507,27.75410149581948,0.0,161.46991871504147,0.0,0.13757418647687586,25.0,hold,0.0,161.46991871504147,0,0.0,0.45,72.66146342176866,0.0,72.66146342176866
2024-02-05 04:00:00,508,27.446955549828253,0.0,158.7529988775229,0.0,0.13757418647687586,25.0,hold,0.0,158.7529988775229,0,0.0,0.45,71.43884949488532,0.0,71.43884949488532
2024-02-05 05:00:00,509,29.518567441094916,0.0,161.96801949691405,0.0,0.13757418647687586,25.0,hold,0.0,161.96801949691405,0,0.0,0.45,72.88560877361132,0.0,72.88560877361132
2024-02-05 06:00:00,510,28.225511075980382,0.0,176.0312672289699,0.0,0.13757418647687586,25.0,hold,0.0,176.0312672289699,0,0.0,0.45,79.21407025303647,0.0,79.21407025303647
2024-02-05 07:00:00,511,33.74596418203482,0.014932597510423177,692.2907199054642,2.4497336019517255,0.13757418647687586,25.0,hold,0.0,689.8409863035125,0,2.4497336019517255,0.45,310.42844383658064,0.0,310.42844383658064
2024-02-05 08:00:00,512,31.487705447449766,0.04684802466427395,572.1325717194527,7.7574875872512346,0.13757418647687586,25.0,hold,0.0,564.3750841322014,0,7.7574875872512346,0.45,253.96878785949065,0.0,253.96878785949065
2024-02-05 09:00:00,513,31.717903939570935,0.08416923310989138,576.3117519074882,13.924269869245805,0.13757418647687586,25.0,hold,0.0,562.3874820382424,0,13.924269869245805,0.45,253.0743669172091,0.0,253.0743669172091
2024-02-05 10:00:00,514,31.044596565543767,0.07742155335716534,615.2146179071037,12.843436272963293,0.13757418647687586,25.0,hold,0.0,602.3711816341404,0,12.843436272963293,0.45,271.0670317353632,0.0,271.0670317353632
2024-02-05 11:00:00,515,32.60587373228082,0.1508106122484794,589.0273238186966,24.857812479751562,0.13757418647687586,25.0,hold,0.0,564.169511338945,0,24.857812479751562,0.45,253.87628010252524,0.0,253.87628010252524
2024-02-05 12:00:00,516,34.05360416839693,0.09472475730623253,536.7466625600493,15.520040430892827,0.13757418647687586,25.0,hold,0.0,521.2266221291566,0,15.520040430892827,0.45,234.55197995812046,0.0,234.55197995812046
2024-02-05 13:00:00,517,32.69784665012575,0.10739075722748763,578.1257308248302,17.6942879737438,0.13757418647687586,25.0,hold,0.0,560.4314428510863,0,17.6942879737438,0.45,252.19414928298886,0.0,252.19414928298886
2024-02-05 14:00:00,518,33.07774918601848,0.11062096481435268,583.5513982111056,18.19793750066967,0.13757418647687586,25.0,hold,0.0,565.3534607104359,0,18.19793750066967,0.45,254.40905731969616,0.0,254.40905731969616
2024-02-05 15:00:00,519,31.936157895823612,0.010205771365940053,546.8219082724636,1.686844719892681,0.13757418647687586,25.0,hold,0.0,545.135063552571,0,1.686844719892681,0.45,245.31077859865692,0.0,245.31077859865692
2024-02-05 16:00:00,520,31.144911250542023,0.06698838971823746,590.7665173218966,11.108112609548373,0.13757418647687586,25.0,hold,0.0,579.6584047123482,0,11.108112609548373,0.45,260.8462821205567,0.0,260.8462821205567
2024-02-05 17:00:00,521,30.992434669713408,0.026687354844517012,606.366110769283,4.428103206886897,0.13757418647687586,25.0,hold,0.0,601.938007562396,0,4.428103206886897,0.65,391.25970491555745,0.0,391.25970491555745
2024-02-05 18:00:00,522,30.19877471019853,0.0,645.7013997453427,0.0,0.13757418647687586,25.0,hold,0.0,645.7013997453427,0,0.0,0.85,548.8461897835413,0.0,548.8461897835413
2024-02-05 19:00:00,523,30.507648547577723,0.0,151.95514170167553,0.0,0.13757418647687586,25.0,hold,0.0,151.95514170167553,0,0.0,0.85,129.1618704464242,0.0,129.1618704464242
2024-02-05 20:00:00,524,29.43529395262212,0.0,176.31886723310095,0.0,0.13757418647687586,25.0,hold,0.0,176.31886723310095,0,0.0,0.85,149.8710371481358,0.0,149.8710371481358
2024-02-05 21:00:00,525,26.332617521205968,0.0,174.77744678072202,0.0,0.13757418647687586,25.0,hold,0.0,174.77744678072202,0,0.0,0.65,113.60534040746931,0.0,113.60534040746931
2024-02-05 22:00:00,526,27.361695241644927,0.0,153.46893578966598,0.0,0.13757418647687586,25.0,hold,0.0,153.46893578966598,0,0.0,0.45,69.0610211053497,0.0,69.0610211053497
2024-02-05 23:00:00,527,26.080703206698004,0.0,162.74956213024052,0.0,0.13757418647687586,25.0,hold,0.0,162.74956213024052,0,0.0,0.45,73.23730295860824,0.0,73.23730295860824
2024-02-06 00:00:00,528,25.936453157934505,0.0,169.5209637386113,0.0,0.13757418647687586,25.0,hold,0.0,169.5209637386113,0,0.0,0.45,76.28443368237508,0.0,76.28443368237508
2024-02-06 01:00:00,529,26.10047292527071,0.0,163.94481216526356,0.0,0.13757418647687586,25.0,hold,0.0,163.94481216526356,0,0.0,0.45,73.7751654743686,0.0,73.7751654743686
2024-02-06 02:00:00,530,26.178789319883425,0.0,169.09500205840232,0.0,0.13757418647687586,25.0,hold,0.0,169.09500205840232,0,0.0,0.45,76.09275092628104,0.0,76.09275092628104
2024-02-06 03:00:00,531,27.45814024158434,0.0,170.46812498329132,0.0,0.13757418647687586,25.0,hold,0.0,170.46812498329132,0,0.0,0.45,76.7106562424811,0.0,76.7106562424811
2024-02-06 04:00:00,532,28.621543044801488,0.0,160.6416178975352,0.0,0.13757418647687586,25.0,hold,0.0,160.6416178975352,0,0.0,0.45,72.28872805389085,0.0,72.28872805389085
2024-02-06 05:00:00,533,30.954914256005786,0.0,167.52378754469768,0.0,0.13757418647687586,25.0,hold,0.0,167.52378754469768,0,0.0,0.45,75.38570439511396,0.0,75.38570439511396
2024-02-06 06:00:00,534,28.905980195810145,0.0,153.2928095961301,0.0,0.13757418647687586,25.0,hold,0.0,153.2928095961301,0,0.0,0.45,68.98176431825854,0.0,68.98176431825854
2024-02-06 07:00:00,535,30.753416502579817,0.0374074647873423,616.1216771719238,6.212918920693716,0.13757418647687586,25.0,hold,0.0,609.9087582512301,0,6.212918920693716,0.45,274.45894121305355,0.0,274.45894121305355
2024-02-06 08:00:00,536,30.36090880071761,0.0624948006689643,617.943354908942,10.396296443428298,0.13757418647687586,25.0,hold,0.0,607.5470584655136,0,10.396296443428298,0.45,273.3961763094811,0.0,273.3961763094811
2024-02-06 09:00:00,537,31.315284878443922,0.10037973557854717,567.9851520535652,16.633484942536068,0.13757418647687586,25.0,hold,0.0,551.3516671110292,0,16.633484942536068,0.45,248.10825019996315,0.0,248.10825019996315
2024-02-06 10:00:00,538,32.595488635179194,0.08983322603966461,547.5277530538575,14.807665898479872,0.13757418647687586,25.0,hold,0.0,532.7200871553777,0,14.807665898479872,0.45,239.72403921991994,0.0,239.72403921991994
2024-02-06 11:00:00,539,33.50353623253096,0.12330813113280133,568.398374101082,20.249364783195876,0.13757418647687586,25.0,hold,0.0,548.1490093178861,0,20.249364783195876,0.45,246.66705419304876,0.0,246.66705419304876
2024-02-06 12:00:00,540,33.79493659007708,0.02638322942001561,588.5334799775652,4.327362597145119,0.13757418647687586,25.0,hold,0.0,584.2061173804201,0,4.327362597145119,0.45,262.89275282118905,0.0,262.89275282118905
2024-02-06 13:00:00,541,32.61849548632292,0.05169410059280486,588.1898902405006,8.520191835792478,0.13757418647687586,25.0,hold,0.0,579.6696984047081,0,8.520191835792478,0.45,260.85136428211865,0.0,260.85136428211865
2024-02-06 14:00:00,542,31.007077197247405,0.12208756548697831,586.5574025458061,20.25618131990741,0.13757418647687586,25.0,hold,0.0,566.3012212258986,0,20.25618131990741,0.45,254.8355495516544,0.0,254.8355495516544
2024-02-06 15:00:00,543,31.42881755398718,0.06780737228963585,620.0188663364337,11.230826856057652,0.13757418647687586,25.0,hold,0.0,608.788039480376,0,11.230826856057652,0.45,273.95461776616924,0.0,273.95461776616924
2024-02-06 16:00:00,544,32.04301646255421,0.08838423680496171,623.8884768953086,14.6020259451471,0.13757418647687586,25.0,hold,0.0,609.2864509501615,0,14.6020259451471,0.45,274.17890292757266,0.0,274.17890292757266
2024-02-06 17:00:00,545,30.541808320467883,0.02742158844160141,647.7865951871436,4.558333707921682,0.13757418647687586,25.0,hold,0.0,643.2282614792219,0,4.558333707921682,0.65,418.09836996149426,0.0,418.09836996149426
2024-02-06 18:00:00,546,28.762934798691482,0.0,669.2901834978353,0.0,0.13757418647687586,25.0,hold,0.0,669.2901834978353,0,0.0,0.85,568.89665597316,0.0,568.89665597316
2024-02-06 19:00:00,547,27.429985029104195,0.0,169.37485999549045,0.0,0.13757418647687586,25.0,hold,0.0,169.37485999549045,0,0.0,0.85,143.9686309961669,0.0,143.9686309961669
2024-02-06 20:00:00,548,29.819161520881295,0.0,183.92984340168547,0.0,0.13757418647687586,25.0,hold,0.0,183.92984340168547,0,0.0,0.85,156.34036689143264,0.0,156.34036689143264
2024-02-06 21:00:00,549,28.124623745790004,0.0,156.67350192750368,0.0,0.13757418647687586,25.0,hold,0.0,156.67350192750368,0,0.0,0.65,101.83777625287739,0.0,101.83777625287739
2024-02-06 22:00:00,550,25.673431555513005,0.0,170.59260046420476,0.0,0.13757418647687586,25.0,hold,0.0,170.59260046420476,0,0.0,0.45,76.76667020889215,0.0,76.76667020889215
2024-02-06 23:00:00,551,26.32189919459512,0.0,173.41758236229938,0.0,0.13757418647687586,25.0,hold,0.0,173.41758236229938,0,0.0,0.45,78.03791206303472,0.0,78.03791206303472
2024-02-07 00:00:00,552,25.331872919749493,0.0,156.5848958040484,0.0,0.13757418647687586,25.0,hold,0.0,156.5848958040484,0,0.0,0.45,70.46320311182177,0.0,70.46320311182177
2024-02-07 01:00:00,553,25.116586794853244,0.0,166.67665452352065,0.0,0.13757418647687586,25.0,hold,0.0,166.67665452352065,0,0.0,0.45,75.0044945355843,0.0,75.0044945355843
2024-02-07 02:00:00,554,25.372455208855097,0.0,159.7003951412142,0.0,0.13757418647687586,25.0,hold,0.0,159.7003951412142,0,0.0,0.45,71.86517781354638,0.0,71.86517781354638
2024-02-07 03:00:00,555,26.27300807199013,0.0,170.3621554294977,0.0,0.13757418647687586,25.0,hold,0.0,170.3621554294977,0,0.0,0.45,76.66296994327396,0.0,76.66296994327396
2024-02-07 04:00:00,556,28.445751483531062,0.0,182.23789425131807,0.0,0.13757418647687586,25.0,hold,0.0,182.23789425131807,0,0.0,0.45,82.00705241309313,0.0,82.00705241309313
2024-02-07 05:00:00,557,27.559542603892137,0.0,159.1772440011599,0.0,0.13757418647687586,25.0,hold,0.0,159.1772440011599,0,0.0,0.45,71.62975980052195,0.0,71.62975980052195
2024-02-07 06:00:00,558,28.78628671822004,0.0,164.86267374180326,0.0,0.13757418647687586,25.0,hold,0.0,164.86267374180326,0,0.0,0.45,74.18820318381147,0.0,74.18820318381147
2024-02-07 07:00:00,559,32.16557547624977,0.025953406634644283,627.2105944164921,4.285618783897213,0.13757418647687586,25.0,hold,0.0,622.9249756325949,0,4.285618783897213,0.45,280.3162390346677,0.0,280.3162390346677
2024-02-07 08:00:00,560,30.510273348129136,0.06813793359888777,653.366274871952,11.32813683694647,0.13757418647687586,25.0,hold,0.0,642.0381380350055,0,11.32813683694647,0.45,288.9171621157525,0.0,288.9171621157525
2024-02-07 09:00:00,561,31.62954282249073,0.02841573716080806,556.8733088704089,4.702574641826022,0.13757418647687586,25.0,hold,0.0,552.1707342285829,0,4.702574641826022,0.45,248.4768304028623,0.0,248.4768304028623
2024-02-07 10:00:00,562,30.50010196229584,0.08054594328620591,581.1749459006724,13.391562946163074,0.13757418647687586,25.0,hold,0.0,567.7833829545093,0,13.391562946163074,0.45,255.5025223295292,0.0,255.5025223295292
2024-02-07 11:00:00,563,33.94390301672183,0.07441228596700324,614.6444721442421,12.197523951510368,0.13757418647687586,25.0,hold,0.0,602.4469481927317,0,12.197523951510368,0.45,271.1011266867293,0.0,271.1011266867293
2024-02-07 12:00:00,564,32.47243924262047,0.023552910465533317,605.1686597460467,3.8843163482810708,0.13757418647687586,25.0,hold,0.0,601.2843433977656,0,3.8843163482810708,0.45,270.57795452899455,0.0,270.57795452899455
2024-02-07 13:00:00,565,33.228731679478564,0.0924887847782595,570.4878070771159,15.205568944859204,0.13757418647687586,25.0,hold,0.0,555.2822381322567,0,15.205568944859204,0.45,249.8770071595155,0.0,249.8770071595155
2024-02-07 14:00:00,566,33.620826395583805,0.0796217228352754,579.096447166227,13.06893744807828,0.13757418647687586,25.0,hold,0.0,566.0275097181487,0,13.06893744807828,0.45,254.71237937316693,0.0,254.71237937316693
2024-02-07 15:00:00,567,30.794938414508284,0.10448942527159912,532.8461450503194,17.35145564276878,0.13757418647687586,25.0,hold,0.0,515.4946894075506,0,17.35145564276878,0.45,231.97261023339777,0.0,231.97261023339777
2024-02-07 16:00:00,568,32.24084252999193,0.0586297284841047,630.3029499434911,9.678374372857682,0.13757418647687586,25.0,hold,0.0,620.6245755706334,0,9.678374372857682,0.45,279.28105900678503,0.0,279.28105900678503
2024-02-07 17:00:00,569,29.074527721998844,0.02873411740168991,640.9819591326288,4.805186946901443,0.13757418647687586,25.0,hold,0.0,636.1767721857274,0,4.805186946901443,0.65,413.5149019207228,0.0,413.5149019207228
2024-02-07 18:00:00,570,28.540636719658128,0.0,676.7376171270333,0.0,0.13757418647687586,25.0,hold,0.0,676.7376171270333,0,0.0,0.85,575.2269745579783,0.0,575.2269745579783
2024-02-07 19:00:00,571,28.932849518227574,0.0,172.0150482889892,0.0,0.13757418647687586,25.0,hold,0.0,172.0150482889892,0,0.0,0.85,146.2127910456408,0.0,146.2127910456408
2024-02-07 20:00:00,572,26.377888611190034,0.0,177.5713041052486,0.0,0.13757418647687586,25.0,hold,0.0,177.5713041052486,0,0.0,0.85,150.93560848946132,0.0,150.93560848946132
2024-02-07 21:00:00,573,26.973717371224197,0.0,176.67913446056096,0.0,0.13757418647687586,25.0,hold,0.0,176.67913446056096,0,0.0,0.65,114.84143739936462,0.0,114.84143739936462
2024-02-07 22:00:00,574,27.47092870786906,0.0,173.54202659049585,0.0,0.13757418647687586,25.0,hold,0.0,173.54202659049585,0,0.0,0.45,78.09391196572314,0.0,78.09391196572314
2024-02-07 23:00:00,575,25.61957512698809,0.0,154.80001843616708,0.0,0.13757418647687586,25.0,hold,0.0,154.80001843616708,0,0.0,0.45,69.6600082962752,0.0,69.6600082962752
2024-02-08 00:00:00,576,24.278549992052046,0.0,175.76722210365662,0.0,0.13757418647687586,25.0,hold,0.0,175.76722210365662,0,0.0,0.45,79.09524994664548,0.0,79.09524994664548
2024-02-08 01:00:00,577,25.98363713522954,0.0,173.97059770691322,0.0,0.13757418647687586,25.0,hold,0.0,173.97059770691322,0,0.0,0.45,78.28676896811095,0.0,78.28676896811095
2024-02-08 02:00:00,578,25.98059344909983,0.0,164.77412607561538,0.0,0.13757418647687586,25.0,hold,0.0,164.77412607561538,0,0.0,0.45,74.14835673402692,0.0,74.14835673402692
2024-02-08 03:00:00,579,27.061662666592987,0.0,175.44808988143686,0.0,0.13757418647687586,25.0,hold,0.0,175.44808988143686,0,0.0,0.45,78.95164044664659,0.0,78.95164044664659
2024-02-08 04:00:00,580,26.922421371630346,0.0,167.5256476401304,0.0,0.13757418647687586,25.0,hold,0.0,167.5256476401304,0,0.0,0.45,75.38654143805867,0.0,75.38654143805867
2024-02-08 05:00:00,581,27.641479867763692,0.0,171.00913065954066,0.0,0.13757418647687586,25.0,hold,0.0,171.00913065954066,0,0.0,0.45,76.95410879679329,0.0,76.95410879679329
2024-02-08 06:00:00,582,29.51170423042669,0.0,168.04873838965378,0.0,0.13757418647687586,25.0,hold,0.0,168.04873838965378,0,0.0,0.45,75.62193227534421,0.0,75.62193227534421
2024-02-08 07:00:00,583,30.486682716134368,0.020333193078196928,616.4769316064522,3.380780813555821,0.13757418647687586,25.0,hold,0.0,613.0961507928964,0,3.380780813555821,0.45,275.8932678568034,0.0,275.8932678568034
2024-02-08 08:00:00,584,31.482714760019817,0.04349079329593351,601.3527344112626,7.201716743124022,0.13757418647687586,25.0,hold,0.0,594.1510176681386,0,7.201716743124022,0.45,267.3679579506624,0.0,267.3679579506624
2024-02-08 09:00:00,585,29.8973263153551,0.07464031023280616,603.2177243932186,12.440286929844262,0.13757418647687586,25.0,hold,0.0,590.7774374633743,0,12.440286929844262,0.45,265.84984685851845,0.0,265.84984685851845
2024-02-08 10:00:00,586,31.69467111805894,0.0665969269268551,563.6406172339792,11.018303301756251,0.13757418647687586,25.0,hold,0.0,552.6223139322229,0,11.018303301756251,0.45,248.68004126950032,0.0,248.68004126950032
2024-02-08 11:00:00,587,32.30591092881581,0.0923140347006225,518.5951730883799,15.234767980904222,0.13757418647687586,25.0,hold,0.0,503.36040510747563,0,15.234767980904222,0.45,226.51218229836402,0.0,226.51218229836402
2024-02-08 12:00:00,588,33.93477360439235,0.08351908798459233,579.1720429071172,13.690812540285089,0.13757418647687586,25.0,hold,0.0,565.4812303668322,0,13.690812540285089,0.45,254.46655366507449,0.0,254.46655366507449
2024-02-08 13:00:00,589,33.76569042028733,0.0973082342521785,591.4523386450583,15.962377600246754,0.13757418647687586,25.0,hold,0.0,575.4899610448115,0,15.962377600246754,0.45,258.97048247016517,0.0,258.97048247016517
2024-02-08 14:00:00,590,32.8543073274186,0.11187753694196045,577.8235466775237,18.421651300573068,0.13757418647687586,25.0,hold,0.0,559.4018953769506,0,18.421651300573068,0.45,251.73085291962778,0.0,251.73085291962778
2024-02-08 15:00:00,591,31.62184937966848,0.08542972403380732,555.8917742336133,14.138375205480253,0.13757418647687586,25.0,hold,0.0,541.7533990281331,0,14.138375205480253,0.45,243.78902956265992,0.0,243.78902956265992
2024-02-08 16:00:00,592,30.115062365214637,0.05687054923680462,606.5786811183829,9.470183814115403,0.13757418647687586,25.0,hold,0.0,597.1084973042674,0,9.470183814115403,0.45,268.69882378692034,0.0,268.69882378692034
2024-02-08 17:00:00,593,30.3062082542596,0.011076379618699247,577.3171097951356,1.843018502846035,0.13757418647687586,25.0,hold,0.0,575.4740912922896,0,1.843018502846035,0.65,374.05815933998826,0.0,374.05815933998826
2024-02-08 18:00:00,594,29.396651470197153,0.0,609.4389194392566,0.0,0.13757418647687586,25.0,hold,0.0,609.4389194392566,0,0.0,0.85,518.0230815233681,0.0,518.0230815233681
2024-02-08 19:00:00,595,27.173812141002983,0.0,182.35493560538154,0.0,0.13757418647687586,25.0,hold,0.0,182.35493560538154,0,0.0,0.85,155.0016952645743,0.0,155.0016952645743
2024-02-08 20:00:00,596,26.918239226660837,0.0,175.41122300529926,0.0,0.13757418647687586,25.0,hold,0.0,175.41122300529926,0,0.0,0.85,149.09953955450436,0.0,149.09953955450436
2024-02-08 21:00:00,597,27.594872656153235,0.0,178.11331829836521,0.0,0.13757418647687586,25.0,hold,0.0,178.11331829836521,0,0.0,0.65,115.7736568939374,0.0,115.7736568939374
2024-02-08 22:00:00,598,25.613289110906162,0.0,167.21405045232788,0.0,0.13757418647687586,25.0,hold,0.0,167.21405045232788,0,0.0,0.45,75.24632270354755,0.0,75.24632270354755
2024-02-08 23:00:00,599,26.281202939361673,0.0,171.39503119823124,0.0,0.13757418647687586,25.0,hold,0.0,171.39503119823124,0,0.0,0.45,77.12776403920405,0.0,77.12776403920405
2024-02-09 00:00:00,600,26.892546593646763,0.0,168.26215864894212,0.0,0.13757418647687586,25.0,hold,0.0,168.26215864894212,0,0.0,0.45,75.71797139202395,0.0,75.71797139202395
2024-02-09 01:00:00,601,26.076107611384348,0.0,159.80337318251782,0.0,0.13757418647687586,25.0,hold,0.0,159.80337318251782,0,0.0,0.45,71.91151793213302,0.0,71.91151793213302
2024-02-09 02:00:00,602,26.18549193689367,0.0,169.59976843675676,0.0,0.13757418647687586,25.0,hold,0.0,169.59976843675676,0,0.0,0.45,76.31989579654055,0.0,76.31989579654055
2024-02-09 03:00:00,603,28.006481746856565,0.0,169.30078301004875,0.0,0.13757418647687586,25.0,hold,0.0,169.30078301004875,0,0.0,0.45,76.18535235452194,0.0,76.18535235452194
2024-02-09 04:00:00,604,27.677159816260602,0.0,165.15624943570532,0.0,0.13757418647687586,25.0,hold,0.0,165.15624943570532,0,0.0,0.45,74.3203122460674,0.0,74.3203122460674
2024-02-09 05:00:00,605,28.38016358182778,0.0,160.48956916594955,0.0,0.13757418647687586,25.0,hold,0.0,160.48956916594955,0,0.0,0.45,72.2203061246773,0.0,72.2203061246773
2024-02-09 06:00:00,606,29.493324787271703,0.0,156.78758376290241,0.0,0.13757418647687586,25.0,hold,0.0,156.78758376290241,0,0.0,0.45,70.55441269330609,0.0,70.55441269330609
2024-02-09 07:00:00,607,29.077022729061746,0.028499805628704356,600.3099296875101,4.7659547952607335,0.13757418647687586,25.0,hold,0.0,595.5439748922494,0,4.7659547952607335,0.45,267.9947887015122,0.0,267.9947887015122
2024-02-09 08:00:00,608,32.1613175558568,0.007559830641437076,597.4843586578143,1.2483571324778604,0.13757418647687586,25.0,hold,0.0,596.2360015253364,0,1.2483571324778604,0.45,268.3062006864014,0.0,268.3062006864014
2024-02-09 09:00:00,609,30.582731795362747,0.06525002878038703,591.0471919397904,10.844798973647789,0.13757418647687586,25.0,hold,0.0,580.2023929661426,0,10.844798973647789,0.45,261.0910768347642,0.0,261.0910768347642
2024-02-09 10:00:00,610,31.444304919673407,0.10847310759663797,532.1019712811033,17.96508532039111,0.13757418647687586,25.0,hold,0.0,514.1368859607121,0,17.96508532039111,0.45,231.36159868232045,0.0,231.36159868232045
2024-02-09 11:00:00,611,30.940309458788835,0.05877073468378807,593.0683328608426,9.75362577746736,0.13757418647687586,25.0,hold,0.0,583.3147070833752,0,9.75362577746736,0.45,262.49161818751884,0.0,262.49161818751884
2024-02-09 12:00:00,612,33.27423312963848,0.05587646716452993,545.176562998436,9.184611675239749,0.13757418647687586,25.0,hold,0.0,535.9919513231963,0,9.184611675239749,0.45,241.19637809543835,0.0,241.19637809543835
2024-02-09 13:00:00,613,32.79262642265052,0.04915503110192639,510.4534965318302,8.095883467291152,0.13757418647687586,25.0,hold,0.0,502.357613064539,0,8.095883467291152,0.45,226.06092587904257,0.0,226.06092587904257
2024-02-09 14:00:00,614,33.00587055781166,0.10150580523333598,489.673815839838,16.703390100123237,0.13757418647687586,25.0,hold,0.0,472.9704257397148,0,16.703390100123237,0.45,212.83669158287168,0.0,212.83669158287168
2024-02-09 15:00:00,615,33.76823643263591,0.05531668522006252,578.4438102121624,9.07401624062877,0.13757418647687586,25.0,hold,0.0,569.3697939715336,0,9.07401624062877,0.45,256.2164072871901,0.0,256.2164072871901
2024-02-09 16:00:00,616,31.574260779515974,0.07427016056409814,548.9238400255147,12.29390274139095,0.13757418647687586,25.0,hold,0.0,536.6299372841237,0,12.29390274139095,0.45,241.48347177785567,0.0,241.48347177785567
2024-02-09 17:00:00,617,31.920404180149042,0.028157401940240124,596.1025264532677,4.654253120420046,0.13757418647687586,25.0,hold,0.0,591.4482733328476,0,4.654253120420046,0.65,384.441377666351,0.0,384.441377666351
2024-02-09 18:00:00,618,29.7309916599825,0.0,662.0181806772158,0.0,0.13757418647687586,25.0,hold,0.0,662.0181806772158,0,0.0,0.85,562.7154535756334,0.0,562.7154535756334
2024-02-09 19:00:00,619,29.55643435278682,0.0,163.51891898542198,0.0,0.13757418647687586,25.0,hold,0.0,163.51891898542198,0,0.0,0.85,138.9910811376087,0.0,138.9910811376087
2024-02-09 20:00:00,620,28.685366207339325,0.0,163.65389679653086,0.0,0.13757418647687586,25.0,hold,0.0,163.65389679653086,0,0.0,0.85,139.10581227705123,0.0,139.10581227705123
2024-02-09 21:00:00,621,27.121275108762216,0.0,180.87619527939884,0.0,0.13757418647687586,25.0,hold,0.0,180.87619527939884,0,0.0,0.65,117.56952693160925,0.0,117.56952693160925
2024-02-09 22:00:00,622,27.379175091560775,0.0,153.72325452130755,0.0,0.13757418647687586,25.0,hold,0.0,153.72325452130755,0,0.0,0.45,69.1754645345884,0.0,69.1754645345884
2024-02-09 23:00:00,623,26.56189653228378,0.0,154.39333058418637,0.0,0.13757418647687586,25.0,hold,0.0,154.39333058418637,0,0.0,0.45,69.47699876288387,0.0,69.47699876288387
2024-02-10 00:00:00,624,27.252329983084614,0.0,35.85833310429123,0.0,0.13757418647687586,25.0,hold,0.0,35.85833310429123,0,0.0,0.35,12.550416586501932,0.0,12.550416586501932
2024-02-10 01:00:00,625,24.16161040549469,0.0,33.46246764589319,0.0,0.13757418647687586,25.0,hold,0.0,33.46246764589319,0,0.0,0.35,11.711863676062617,0.0,11.711863676062617
2024-02-10 02:00:00,626,26.41297111657479,0.0,31.772923237658226,0.0,0.13757418647687586,25.0,hold,0.0,31.772923237658226,0,0.0,0.35,11.120523133180379,0.0,11.120523133180379
2024-02-10 03:00:00,627,27.720903409954325,0.0,33.959668125858876,0.0,0.13757418647687586,25.0,hold,0.0,33.959668125858876,0,0.0,0.35,11.885883844050605,0.0,11.885883844050605
2024-02-10 04:00:00,628,29.2578143766409,0.0,35.00325462128666,0.0,0.13757418647687586,25.0,hold,0.0,35.00325462128666,0,0.0,0.35,12.251139117450329,0.0,12.251139117450329
2024-02-10 05:00:00,629,28.971037073131154,0.0,33.43751253405689,0.0,0.13757418647687586,25.0,hold,0.0,33.43751253405689,0,0.0,0.35,11.703129386919912,0.0,11.703129386919912
2024-02-10 06:00:00,630,30.025668581547407,0.0,33.771546421381025,0.0,0.13757418647687586,25.0,hold,0.0,33.771546421381025,0,0.0,0.35,11.820041247483358,0.0,11.820041247483358
2024-02-10 07:00:00,631,30.136994501615924,0.03199318793471784,119.14580262124406,5.3270847441553615,0.13757418647687586,25.0,hold,0.0,113.8187178770887,0,5.3270847441553615,0.35,39.836551256981046,0.0,39.836551256981046
2024-02-10 08:00:00,632,30.836343305299923,0.08453281114149559,126.10283022555204,14.035091389713234,0.13757418647687586,25.0,hold,0.0,112.06773883583881,0,14.035091389713234,0.35,39.22370859254358,0.0,39.22370859254358
2024-02-10 09:00:00,633,32.345606690514856,0.07546727940964522,119.45214478138637,12.452477491908105,0.13757418647687586,25.0,hold,0.0,106.99966728947825,0,12.452477491908105,0.35,37.449883551317384,0.0,37.449883551317384
2024-02-10 10:00:00,634,33.718311114154055,0.08342530841357831,114.52942323171419,13.687719530698509,0.13757418647687586,25.0,hold,0.0,100.84170370101569,0,13.687719530698509,0.35,35.29459629535549,0.0,35.29459629535549
2024-02-10 11:00:00,635,32.48352886019748,0.03146206835496098,124.15713868922172,5.188447458698985,0.13757418647687586,25.0,hold,0.0,118.96869123052274,0,5.188447458698985,0.35,41.63904193068296,0.0,41.63904193068296
2024-02-10 12:00:00,636,33.96464438734794,0.07587029667114806,106.99104260092771,12.435448278225955,0.13757418647687586,25.0,hold,0.0,94.55559432270175,0,12.435448278225955,0.35,33.09445801294561,0.0,33.09445801294561
2024-02-10 13:00:00,637,31.52745206945952,0.1279636283280682,113.55570511932017,21.185828829400588,0.13757418647687586,25.0,hold,0.0,92.36987628991957,0,21.185828829400588,0.35,32.32945670147185,0.0,32.32945670147185
2024-02-10 14:00:00,638,34.7584129760546,0.13257166112192328,118.51835654685954,21.657473858385444,0.13757418647687586,25.0,hold,0.0,96.86088268847409,0,21.657473858385444,0.35,33.90130894096593,0.0,33.90130894096593
2024-02-10 15:00:00,639,32.827010413480274,0.09599139450885315,112.36971201336843,15.807635628295841,0.13757418647687586,25.0,hold,0.0,96.56207638507259,0,15.807635628295841,0.35,33.796726734775405,0.0,33.796726734775405
2024-02-10 16:00:00,640,33.15265149054341,0.025471457276305277,113.37951669132276,4.188938995363509,0.13757418647687586,25.0,hold,0.0,109.19057769595925,0,4.188938995363509,0.35,38.21670219358573,0.0,38.21670219358573
2024-02-10 17:00:00,641,30.434572526365404,0.026717008330282583,131.0041869879972,4.4431584629163074,0.13757418647687586,25.0,hold,0.0,126.5610285250809,0,4.4431584629163074,0.35,44.29635998377831,0.0,44.29635998377831
2024-02-10 18:00:00,642,28.653778429451744,0.0,128.7739187321769,0.0,0.13757418647687586,25.0,hold,0.0,128.7739187321769,0,0.0,0.35,45.07087155626191,0.0,45.07087155626191
2024-02-10 19:00:00,643,25.668787278539146,0.0,32.91193243722461,0.0,0.13757418647687586,25.0,hold,0.0,32.91193243722461,0,0.0,0.35,11.519176353028612,0.0,11.519176353028612
2024-02-10 20:00:00,644,26.87817510485225,0.0,36.08488358869438,0.0,0.13757418647687586,25.0,hold,0.0,36.08488358869438,0,0.0,0.35,12.629709256043032,0.0,12.629709256043032
2024-02-10 21:00:00,645,28.1940815011822,0.0,31.74824322236293,0.0,0.13757418647687586,25.0,hold,0.0,31.74824322236293,0,0.0,0.35,11.111885127827025,0.0,11.111885127827025
2024-02-10 22:00:00,646,27.267632396493042,0.0,34.957586807332746,0.0,0.13757418647687586,25.0,hold,0.0,34.957586807332746,0,0.0,0.35,12.235155382566461,0.0,12.235155382566461
2024-02-10 23:00:00,647,25.395724681207128,0.0,34.05604004030693,0.0,0.13757418647687586,25.0,hold,0.0,34.05604004030693,0,0.0,0.35,11.919614014107426,0.0,11.919614014107426
2024-02-11 00:00:00,648,24.29533709664087,0.0,34.397238715877364,0.0,0.13757418647687586,25.0,hold,0.0,34.397238715877364,0,0.0,0.35,12.039033550557077,0.0,12.039033550557077
2024-02-11 01:00:00,649,26.683233906058643,0.0,33.83868646605559,0.0,0.13757418647687586,25.0,hold,0.0,33.83868646605559,0,0.0,0.35,11.843540263119456,0.0,11.843540263119456
2024-02-11 02:00:00,650,27.780159047691864,0.0,31.89532742443578,0.0,0.13757418647687586,25.0,hold,0.0,31.89532742443578,0,0.0,0.35,11.163364598552523,0.0,11.163364598552523
2024-02-11 03:00:00,651,26.27100945958288,0.0,35.30721938647502,0.0,0.13757418647687586,25.0,hold,0.0,35.30721938647502,0,0.0,0.35,12.357526785266256,0.0,12.357526785266256
2024-02-11 04:00:00,652,27.096572337771253,0.0,31.03904819994284,0.0,0.13757418647687586,25.0,hold,0.0,31.03904819994284,0,0.0,0.35,10.863666869979994,0.0,10.863666869979994
2024-02-11 05:00:00,653,29.639663578138872,0.0,33.46655397691412,0.0,0.13757418647687586,25.0,hold,0.0,33.46655397691412,0,0.0,0.35,11.71329389191994,0.0,11.71329389191994
2024-02-11 06:00:00,654,27.19079359681801,0.0,33.169356156811475,0.0,0.13757418647687586,25.0,hold,0.0,33.169356156811475,0,0.0,0.35,11.609274654884015,0.0,11.609274654884015
2024-02-11 07:00:00,655,30.70337156720632,0.05257601353280409,142.79448896551156,8.734017132900663,0.13757418647687586,25.0,hold,0.0,134.0604718326109,0,8.734017132900663,0.35,46.92116514141381,0.0,46.92116514141381
2024-02-11 08:00:00,656,30.213367238711143,0.05061398942682887,120.35161801828383,8.424947068838062,0.13757418647687586,25.0,hold,0.0,111.92667094944576,0,8.424947068838062,0.35,39.174334832306016,0.0,39.174334832306016
2024-02-11 09:00:00,657,32.72617957051979,0.07099848468713531,114.01271052615061,11.69673040830223,0.13757418647687586,25.0,hold,0.0,102.31598011784838,0,11.69673040830223,0.35,35.81059304124693,0.0,35.81059304124693
2024-02-11 10:00:00,658,31.99956995352299,0.07638856847940671,107.71748304078274,12.622469393968801,0.13757418647687586,25.0,hold,0.0,95.09501364681394,0,12.622469393968801,0.35,33.28325477638488,0.0,33.28325477638488
2024-02-11 11:00:00,659,33.92136227146283,0.0961393142799275,118.60293669802356,15.760451744757225,0.13757418647687586,25.0,hold,0.0,102.84248495326634,0,15.760451744757225,0.35,35.99486973364321,0.0,35.99486973364321
2024-02-11 12:00:00,660,32.14715079989697,0.1169363663610566,118.62901622196837,19.310864227204984,0.13757418647687586,25.0,hold,0.0,99.31815199476338,0,19.310864227204984,0.35,34.76135319816718,0.0,34.76135319816718
2024-02-11 13:00:00,661,32.776894729829,0.06754469798975148,110.10914065054438,11.125402814297164,0.13757418647687586,25.0,hold,0.0,98.98373783624722,0,11.125402814297164,0.35,34.64430824268652,0.0,34.64430824268652
2024-02-11 14:00:00,662,32.50831379368665,0.045588667755091815,108.53744104515175,7.517313582765487,0.13757418647687586,25.0,hold,0.0,101.02012746238627,0,7.517313582765487,0.35,35.35704461183519,0.0,35.35704461183519
2024-02-11 15:00:00,663,31.309084786096427,0.1112495736477553,110.12254721010598,18.435147085177082,0.13757418647687586,25.0,hold,0.0,91.6874001249289,0,18.435147085177082,0.35,32.090590043725115,0.0,32.090590043725115
2024-02-11 16:00:00,664,28.663772276762856,0.013223953557616871,101.72714799416593,2.215126407780023,0.13757418647687586,25.0,hold,0.0,99.51202158638591,0,2.215126407780023,0.35,34.829207555235065,0.0,34.829207555235065
2024-02-11 17:00:00,665,29.931723521410117,0.02403557146063881,108.10516396747786,4.00544212898498,0.13757418647687586,25.0,hold,0.0,104.09972183849288,0,4.00544212898498,0.35,36.434902643472505,0.0,36.434902643472505
2024-02-11 18:00:00,666,30.345534386946813,0.0,120.27344817157169,0.0,0.13757418647687586,25.0,hold,0.0,120.27344817157169,0,0.0,0.35,42.095706860050086,0.0,42.095706860050086
2024-02-11 19:00:00,667,28.054632443493823,0.0,35.15020909697964,0.0,0.13757418647687586,25.0,hold,0.0,35.15020909697964,0,0.0,0.35,12.302573183942872,0.0,12.302573183942872
2024-02-11 20:00:00,668,26.123022086657542,0.0,35.065337388198785,0.0,0.13757418647687586,25.0,hold,0.0,35.065337388198785,0,0.0,0.35,12.272868085869574,0.0,12.272868085869574
2024-02-11 21:00:00,669,27.543046300602484,0.0,35.48182578146487,0.0,0.13757418647687586,25.0,hold,0.0,35.48182578146487,0,0.0,0.35,12.418639023512704,0.0,12.418639023512704
2024-02-11 22:00:00,670,26.62672929631028,0.0,34.520804109198515,0.0,0.13757418647687586,25.0,hold,0.0,34.520804109198515,0,0.0,0.35,12.08228143821948,0.0,12.08228143821948
2024-02-11 23:00:00,671,24.368759882364273,0.0,33.985185507024006,0.0,0.13757418647687586,25.0,hold,0.0,33.985185507024006,0,0.0,0.35,11.894814927458402,0.0,11.894814927458402
2024-02-12 00:00:00,672,25.782527561204606,0.0,167.9479245629285,0.0,0.13757418647687586,25.0,hold,0.0,167.9479245629285,0,0.0,0.45,75.57656605331783,0.0,75.57656605331783
2024-02-12 01:00:00,673,25.054311480593014,0.0,188.72749414468353,0.0,0.13757418647687586,25.0,hold,0.0,188.72749414468353,0,0.0,0.45,84.92737236510759,0.0,84.92737236510759
2024-02-12 02:00:00,674,25.42036111606375,0.0,169.97457169839356,0.0,0.13757418647687586,25.0,hold,0.0,169.97457169839356,0,0.0,0.45,76.4885572642771,0.0,76.4885572642771
2024-02-12 03:00:00,675,26.11421216258194,0.0,165.83986583474928,0.0,0.13757418647687586,25.0,hold,0.0,165.83986583474928,0,0.0,0.45,74.62793962563718,0.0,74.62793962563718
2024-02-12 04:00:00,676,27.686545666174222,0.0,166.79324081769337,0.0,0.13757418647687586,25.0,hold,0.0,166.79324081769337,0,0.0,0.45,75.05695836796203,0.0,75.05695836796203
2024-02-12 05:00:00,677,27.66439485078921,0.0,166.3224056043177,0.0,0.13757418647687586,25.0,hold,0.0,166.3224056043177,0,0.0,0.45,74.84508252194297,0.0,74.84508252194297
2024-02-12 06:00:00,678,29.62763457699049,0.0,157.22859910731552,0.0,0.13757418647687586,25.0,hold,0.0,157.22859910731552,0,0.0,0.45,70.75286959829198,0.0,70.75286959829198
2024-02-12 07:00:00,679,29.399021181380117,0.0455484655869454,645.7963800230302,7.60698845765121,0.13757418647687586,25.0,hold,0.0,638.189391565379,0,7.60698845765121,0.45,287.18522620442053,0.0,287.18522620442053
2024-02-12 08:00:00,680,31.18477414848358,0.027932125842539623,641.6926599872724,4.630988748152008,0.13757418647687586,25.0,hold,0.0,637.0616712391203,0,4.630988748152008,0.45,286.67775205760415,0.0,286.67775205760415
2024-02-12 09:00:00,681,31.915541672738975,0.07057468395024985,591.6200338836024,11.665813997371606,0.13757418647687586,25.0,hold,0.0,579.9542198862308,0,11.665813997371606,0.45,260.97939894880386,0.0,260.97939894880386
2024-02-12 10:00:00,682,33.11888138982222,0.056943131292470785,563.402759717605,9.365958440048555,0.13757418647687586,25.0,hold,0.0,554.0368012775565,0,9.365958440048555,0.45,249.31656057490042,0.0,249.31656057490042
2024-02-12 11:00:00,683,33.848616233930784,0.09836823407682237,559.0040859534972,16.130712321050215,0.13757418647687586,25.0,hold,0.0,542.873373632447,0,16.130712321050215,0.45,244.29301813460117,0.0,244.29301813460117
2024-02-12 12:00:00,684,32.91040905515159,0.15636628373415218,604.5967786079954,25.741161773401565,0.13757418647687586,25.0,hold,0.0,578.8556168345938,0,25.741161773401565,0.45,260.4850275755672,0.0,260.4850275755672
2024-02-12 13:00:00,685,32.06627785534231,0.16003426887560734,584.4295619249966,26.43685001388216,0.13757418647687586,25.0,hold,0.0,557.9927119111145,0,26.43685001388216,0.45,251.09672036000154,0.0,251.09672036000154
2024-02-12 14:00:00,686,31.185877007113074,0.06959337444313025,554.667732684112,11.538136338057829,0.13757418647687586,25.0,hold,0.0,543.1295963460542,0,11.538136338057829,0.45,244.4083183557244,0.0,244.4083183557244
2024-02-12 15:00:00,687,31.476673602571314,0.08174802738357072,603.0477546857027,13.537135057315156,0.13757418647687586,25.0,hold,0.0,589.5106196283875,0,13.537135057315156,0.45,265.2797788327744,0.0,265.2797788327744
2024-02-12 16:00:00,688,31.398708385945245,0.07275556770273113,579.2404912061369,12.051878179859393,0.13757418647687586,25.0,hold,0.0,567.1886130262775,0,12.051878179859393,0.45,255.2348758618249,0.0,255.2348758618249
2024-02-12 17:00:00,689,30.443928351431097,0.01605606690442569,647.0210498270113,2.670093880825603,0.13757418647687586,25.0,hold,0.0,644.3509559461858,0,2.670093880825603,0.65,418.82812136502076,0.0,418.82812136502076
2024-02-12 18:00:00,690,31.057881634643646,0.0,565.6675504443638,0.0,0.13757418647687586,25.0,hold,0.0,565.6675504443638,0,0.0,0.85,480.8174178777092,0.0,480.8174178777092
2024-02-12 19:00:00,691,27.082264798941367,0.0,167.89669949132903,0.0,0.13757418647687586,25.0,hold,0.0,167.89669949132903,0,0.0,0.85,142.71219456762967,0.0,142.71219456762967
2024-02-12 20:00:00,692,27.820339397654077,0.0,168.68764722911556,0.0,0.13757418647687586,25.0,hold,0.0,168.68764722911556,0,0.0,0.85,143.38450014474822,0.0,143.38450014474822
2024-02-12 21:00:00,693,27.328550351569866,0.0,187.8747867928226,0.0,0.13757418647687586,25.0,hold,0.0,187.8747867928226,0,0.0,0.65,122.11861141533468,0.0,122.11861141533468
2024-02-12 22:00:00,694,25.80194147212299,0.0,163.59298198615213,0.0,0.13757418647687586,25.0,hold,0.0,163.59298198615213,0,0.0,0.45,73.61684189376845,0.0,73.61684189376845
2024-02-12 23:00:00,695,25.56894871803174,0.0,168.80908957414917,0.0,0.13757418647687586,25.0,hold,0.0,168.80908957414917,0,0.0,0.45,75.96409030836713,0.0,75.96409030836713
2024-02-13 00:00:00,696,25.89958027045324,0.0,162.9070463290672,0.0,0.13757418647687586,25.0,hold,0.0,162.9070463290672,0,0.0,0.45,73.30817084808025,0.0,73.30817084808025
2024-02-13 01:00:00,697,25.45873871470489,0.0,170.55437051229765,0.0,0.13757418647687586,25.0,hold,0.0,170.55437051229765,0,0.0,0.45,76.74946673053394,0.0,76.74946673053394
2024-02-13 02:00:00,698,26.465577918306444,0.0,168.6876486324814,0.0,0.13757418647687586,25.0,hold,0.0,168.6876486324814,0,0.0,0.45,75.90944188461663,0.0,75.90944188461663
2024-02-13 03:00:00,699,26.868092297616958,0.0,179.33660095329424,0.0,0.13757418647687586,25.0,hold,0.0,179.33660095329424,0,0.0,0.45,80.7014704289824,0.0,80.7014704289824
2024-02-13 04:00:00,700,27.477035726084058,0.0,163.7898202255551,0.0,0.13757418647687586,25.0,hold,0.0,163.7898202255551,0,0.0,0.45,73.7054191014998,0.0,73.7054191014998
2024-02-13 05:00:00,701,28.47788784080396,0.0,170.07621877801816,0.0,0.13757418647687586,25.0,hold,0.0,170.07621877801816,0,0.0,0.45,76.53429845010817,0.0,76.53429845010817
2024-02-13 06:00:00,702,29.823516433023983,0.0,172.34781226543632,0.0,0.13757418647687586,25.0,hold,0.0,172.34781226543632,0,0.0,0.45,77.55651551944635,0.0,77.55651551944635
2024-02-13 07:00:00,703,31.025220538294228,0.021492714757819834,631.7020662178808,3.5657026332892605,0.13757418647687586,25.0,hold,0.0,628.1363635845915,0,3.5657026332892605,0.45,282.6613636130662,0.0,282.6613636130662
2024-02-13 08:00:00,704,31.136573911053638,0.07072442260806942,611.2436848953553,11.728028003649115,0.13757418647687586,25.0,hold,0.0,599.5156568917062,0,11.728028003649115,0.45,269.7820456012678,0.0,269.7820456012678
2024-02-13 09:00:00,705,32.05847865563713,0.010205771365940053,580.4004800939125,1.6859958230512648,0.13757418647687586,25.0,hold,0.0,578.7144842708612,0,1.6859958230512648,0.45,260.4215179218876,0.0,260.4215179218876
2024-02-13 10:00:00,706,31.37149571322049,0.055340347118027745,555.5670031376608,9.168090476651876,0.13757418647687586,25.0,hold,0.0,546.3989126610089,0,9.168090476651876,0.45,245.879510697454,0.0,245.879510697454
2024-02-13 11:00:00,707,31.980436180517756,0.11588682679434094,571.3367321743775,19.150680947989542,0.13757418647687586,25.0,hold,0.0,552.1860512263879,0,19.150680947989542,0.45,248.48372305187456,0.0,248.48372305187456
2024-02-13 12:00:00,708,33.621061855239255,0.10847393748155308,553.8534594590442,17.804660215061343,0.13757418647687586,25.0,hold,0.0,536.0487992439829,0,17.804660215061343,0.45,241.2219596597923,0.0,241.2219596597923
2024-02-13 13:00:00,709,31.71219919504944,0.07341602594898168,595.8365700951742,12.145631977937517,0.13757418647687586,25.0,hold,0.0,583.6909381172367,0,12.145631977937517,0.45,262.6609221527565,0.0,262.6609221527565
2024-02-13 14:00:00,710,31.94087457305367,0.06290414869347521,560.0316867864715,10.396810609670618,0.13757418647687586,25.0,hold,0.0,549.6348761768008,0,10.396810609670618,0.45,247.33569427956039,0.0,247.33569427956039
2024-02-13 15:00:00,711,31.31100741008037,0.0820174613774397,522.4698103958606,13.590991725738629,0.13757418647687586,25.0,hold,0.0,508.878818670122,0,13.590991725738629,0.45,228.9954684015549,0.0,228.9954684015549
2024-02-13 16:00:00,712,31.03899099824645,0.09173250031237234,577.1290677782669,15.21782426743282,0.13757418647687586,25.0,hold,0.0,561.9112435108341,0,15.21782426743282,0.45,252.86005957987535,0.0,252.86005957987535
2024-02-13 17:00:00,713,29.670140927584086,0.029735272983086536,648.7696010652695,4.960566224685897,0.13757418647687586,25.0,hold,0.0,643.8090348405836,0,4.960566224685897,0.65,418.4758726463794,0.0,418.4758726463794
2024-02-13 18:00:00,714,29.254587624676628,0.0,616.3486322058455,0.0,0.13757418647687586,25.0,hold,0.0,616.3486322058455,0,0.0,0.85,523.8963373749687,0.0,523.8963373749687
2024-02-13 19:00:00,715,26.72580064646524,0.0,171.60233269057682,0.0,0.13757418647687586,25.0,hold,0.0,171.60233269057682,0,0.0,0.85,145.8619827869903,0.0,145.8619827869903
2024-02-13 20:00:00,716,28.635898507322455,0.0,182.4615740399859,0.0,0.13757418647687586,25.0,hold,0.0,182.4615740399859,0,0.0,0.85,155.092337933988,0.0,155.092337933988
2024-02-13 21:00:00,717,27.88644590305524,0.0,183.95063875631445,0.0,0.13757418647687586,25.0,hold,0.0,183.95063875631445,0,0.0,0.65,119.5679151916044,0.0,119.5679151916044
2024-02-13 22:00:00,718,24.975983336049985,0.0,171.8407761105241,0.0,0.13757418647687586,25.0,hold,0.0,171.8407761105241,0,0.0,0.45,77.32834924973585,0.0,77.32834924973585
2024-02-13 23:00:00,719,25.828969900481223,0.0,168.80762932372332,0.0,0.13757418647687586,25.0,hold,0.0,168.80762932372332,0,0.0,0.45,75.96343319567549,0.0,75.96343319567549
